Workbook

Sheet All 
A1: Std ID | B1: Name | C1: Course Name | D1: Current Topic | E1: Progress | F1: beginning date | G1: Validity | H1: Staff | I1: Presentation | J1: Date | K1: Status
A2: TDAM001 | B2: Ameesha | C2: MERN | D2: Django | E2: Authentication | G2: 46249 | H2: Abin Raj | I2: Virtual Reality and Augmented Reality
A3: TDAM002 | B3: Rahees PK | C3: MERN | D3: Completed | E3: interceptor | G3: 46233 | H3: Ameer | I3: Robotics and Automation
A4: TDAM003 | B4: Hisham | C4: MERN | D4: MongoDB | E4: interceptor | G4: 46233 | H4: Ameer | I4: Cloud Computing and Its Benefits | J4: 46213 | K4: Done
A5: TDAM004 | B5: Harshal | C5: MERN | D5: MongoDB | E5: interceptor | G5: 46233 | H5: Ameer | I5: Internet of Things: Smart Devices Around Us | J5: 46216
A6: TDAM005 | B6: M. Danish | C6: MERN | D6: mongodb | E6: start | G6: 46233 | H6: Ameer | I6: Artificial Intelligence in Healthcare
A7: TDAM006 | B7: M. Safeer | C7: MERN | D7: react | E7: react | G7: 46249 | H7: Ameer | I7: =_xlfn.XLOOKUP(G5,'All '!B2:B21,"Not Available") -> #VALUE! | J7: 46212 | K7: Done
A8: TDAM007 | B8: Nibrasul Haqu C | C8: MERN | D8: React | E8: intro | G8: 46249 | H8: Ameer | I8: Zustand, File Upload | J8: 46210 | K8: Done
A9: TDAM008 | B9: Aswin KC | C9: MERN | D9: CSS | E9: Clone | G9: 46387 | H9: Ameer | I9: Blockchain Technology and Cryptocurrency | J9: 46220 | K9: Done
A10: TDAM009 | B10: Abinav | C10: MERN | D10: CSS | E10: Clone | G10: 46387 | H10: Ameer | I10: Machine Learning in Daily Life | J10: 46220 | K10: Done
A11: TDAM010 | B11: M Sinan | C11: MERN | D11: HTML | E11: intro | G11: 46387 | H11: Aswin KP | I11: Ethical Hacking and Penetration Testing | J11: 46220 | K11: Done
A12: TDAP001 | B12: M Nasif | C12: Python | D12: HTML | E12: intro | G12: 46387 | H12: Aswin KP | I12: Ethical Hacking and Penetration Testing | J12: 46219
A13: TDAP002 | B13: Suhail | C13: Python | D13: python | E13: intro | G13: 46387 | H13: Aswin KP | I13: Role of Technology in Education
A14: TDAF001 | B14: Safwan | C14: Python Flutter | D14: python | E14: intro | G14: 46387 | H14: Aswin KP | I14: Digital Transformation in Business
A15: TDAF002 | B15: Muhammed Shahid | C15: Python Flutter | H15: Shameem | I15: Web Development: Past, Present, and Future
A16: TDAF003 | B16: Hudha Reema | C16: python flutter | H16: Shameem | I16: Big Data and Data Analytics
A17: TDAF004 | B17: Muhammed Munaver V P | C17: python flutter | G17: 46387 | H17: Shameem
A18: TDAF005 | B18: M.Shebil | C18: Python Flutter-Django | D18: flutter | E18: basic | G18: 46387 | H18: Shameem | I18: E-Commerce and Online Payment Security
A19: TDAN001 | B19: M. Shabeeb | C19: Python Next js | G19: 46387 | H19: Vishnu | I19: Zero Trust Model | J19: 46211 | K19: Done
A20: TDAN002 | B20: Rifana | C20: Python Next js | D20: c p | G20: 46387 | H20: Aswin KP
A21: TDAA001 | B21: Ajmal | C21: PythonDjango-Angular | D21: Angular | E21: Advanced | G21: 46233 | H21: Ameer | I21: Artificial Intelligence in Healthcare
A22: TDAA002 | B22: Ameera K | C22: PythonDjango-Angular | D22: Python | E22: patterns | G22: 46336 | H22: Jan Sabith | I22: Green Technology and Sustainable IT
A23: TDAA003 | B23: Nidhal Muhammad PC | C23: PythonDjango-Angular | D23: Python | E23: file handling | G23: 46337 | H23: Jan Sabith | I23: Web3 | J23: 46211 | K23: Done
A24: TDAR001 | B24: M Shameel | C24: PythonDjango-React | D24: React | E24: completed | G24: 46233 | H24: Aswin PP | I24: Smart Homes and Home Automation | J24: 46217
A25: TDAR002 | B25: M. Shamil TK | C25: PythonDjango-React | D25: React | E25: completed | G25: 46233 | H25: Aswin PP | I25: Drone Technology and Its Applications
A26: TDAR003 | B26: M. Muaad | C26: PythonDjango-React | D26: React | E26: completed | G26: 46233 | H26: Vishnu | I26: Cybercrime and How to Prevent It | J26: 46216 | K26: Done
A27: TDAR004 | B27: M. Nihal | C27: PythonDjango-React | D27: React | E27: completed | G27: 46233 | H27: Abin Raj | I27: Wearable Technology in Daily Life | J27: 46216 | K27: Done
A28: TDAR005 | B28: M. Ajmal CP | C28: PythonDjango-React | D28: react | E28: DOM | G28: 46249 | H28: Anandu | I28: Social Media and Its Impact on Society
A29: TDAR006 | B29: M. Rameesh KP | C29: PythonDjango-React | D29: react | E29: DOM | G29: 46249 | H29: Anandu | I29: Cloud Storage vs Local Storage
A30: TDAR007 | B30: M. Irfan H | C30: PythonDjango-React | D30: react | E30: api f | G30: 46249 | H30: Anandu | I30: Quantum Computing: The Next Big Revolution
A31: TDAR008 | B31: Sajeer Fasil | C31: PythonDjango-React | D31: react | E31: router | G31: 46249 | H31: Abin Raj | I31: Operating Systems: Windows, Linux, and macOS
A32: TDAR009 | B32: Raneed | C32: PythonDjango-React | D32: react | E32: DOM | G32: 46249 | H32: Abin Raj | I32: Internet Safety for Students
A33: TDAR010 | B33: Ashil | C33: PythonDjango-React | D33: react | E33: DOM | G33: 46249 | H33: Jan Sabith | I33: Digital Marketing and Technology | J33: 46213 | K33: Done
A34: TDAR011 | B34: Muhammed Rashid T | C34: PythonDjango-React | D34: React | E34: intro | G34: 46249 | H34: Aswin PP | I34: Technology in Agriculture
A35: TDAR012 | B35: M. Jamshid | C35: PythonDjango-React | D35: html | E35: intro | G35: 46265 | H35: Vishnu | I35: Smart Cities and Technology
A36: TDAR013 | B36: M. Irfan K | C36: PythonDjango-React | D36: html | E36: intro | G36: 46265 | H36: Anandu | I36: Importance of IT Support in Organizations
A37: TDAR014 | B37: Nihal Roshan | C37: PythonDjango-React | D37: html | E37: intro | G37: 46265 | H37: Anandu | I37: Django - Django REST framework
A38: TDAR015 | B38: Fadhil | C38: PythonDjango-React | D38: html | E38: intro | G38: 46265 | H38: Jan Sabith | I38: Deepfake Technology: Benefits and Risks | J38: 46213
A39: TDAR016 | B39: Abdul Sabith SB | C39: PythonDjango-React | D39: html | E39: intro | G39: 46265 | H39: Vishnu | I39: HTML | J39: 46220
A40: TDAR017 | B40: Abu Hashim | C40: PythonDjango-React | D40: html | E40: intro | G40: 46265 | H40: Anandu | I40: Digital Banking and FinTech Innovation
A41: TDAR018 | B41: Nabla Paleri | C41: PythonDjango-React | D41: html | E41: intro | G41: 46265 | H41: Jan Sabith | I41: Biometric Authentication Systems
A42: TDAR019 | B42: Fidha Jebin | C42: PythonDjango-React | D42: CSS | E42: start | G42: 46265 | H42: Abin Raj | I42: Database Management Systems
A43: TDAR020 | B43: Jabir Ali | C43: PythonDjango-React | D43: html | E43: intro | G43: 46265 | H43: Vishnu | I43: Computer Networks and Their Types
A44: TDAR021 | B44: Shiyas Ahmad | C44: PythonDjango-React | D44: django | E44: forms | G44: 46336 | H44: Aswin PP | I44: Open Source Software and Its Importance
A45: TDAR022 | B45: Jithin | C45: PythonDjango-React | D45: React | E45: intro | G45: 46387 | I45: Password Security and Multi-Factor Authentication
A46: TDAR023 | B46: Aflah KT | C46: PythonDjango-React | D46: React | E46: intro | G46: 46387 | I46: Role of IT in Healthcare Systems
A47: TDAR024 | B47: Muhammed Unais K | C47: PythonDjango-React | D47: React | E47: intro | G47: 46387 | H47: Aswin PP | I47: Software Development Life Cycle
A48: TDAR025 | B48: M Dilshad | C48: PythonDjango-React | D48: Complete | E48: LMS comp | G48: 46387 | I48: Automation Testing in Software Development
A49: TDAR026 | B49: M. Anas | C49: PythonDjango-React | G49: 46387 | H49: Shameem | I49: Cloud-Based Learning Platforms
A50: TDAR027 | B50: Rabeehath | C50: PythonDjango-React | D50: new | G50: 46387 | H50: Aswin pp
A51: TDAU001 | B51: Fathima Rafa | C51: UX-React | D51: React | E51: completed | G51: 46233 | H51: Saheer | I51: UI/UX Design in Modern Applications
A52: TDAU002 | B52: Fathima Safna | C52: UX-React | D52: React | E52: completed | G52: 46233 | H52: Saheer | I52: IT Project Management
A53: TDAU003 | B53: Riswa Mehfin | C53: UX-React | D53: React | E53: completed | G53: 46233 | H53: Saheer | I53: Future of Human-Computer Interaction
A54: TDAU004 | B54: Faheem | C54: UX-React | D54: React | E54: completed | G54: 46233 | H54: Saheer | I54: Future Careers in Information Technology
A55: TDAU005 | B55: Sinan | C55: UX-React | D55: React | E55: completed | G55: 46233 | H55: Saheer | I55: Ethical Hacking and Penetration Testing
A56: TDAU006 | B56: Irfan PC | C56: UX-React | D56: CSS | E56: last portion | H56: Saheer | I56: Quantum Computing: The Next Big Revolution

Sheet Review History
A1: Std ID | B1: Name | C1: Course Name | D1: Review no | E1: Review Date | F1: Mark | G1: Status | H1: Trainer
A2: =_xlfn.XLOOKUP(B2,'All '!B:B,'All '!A:A,"No Found") -> TDAA001 | B2: Ajmal | C2: PythonDjango-Angular | D2: 1 | E2: 46182 | F2: 7 | G2: =IF(F2="","Pending",IF(F2<7,"Weekback","No Weekback")) -> No Weekback | J2: {=IFERROR(_xlfn._xlws.SORT(_xlfn.UNIQUE(_xlfn._xlws.FILTER('Review History'!D:D,'Review History'!B:B=Dashboard.!F5))),0)} -> 1
A3: =_xlfn.XLOOKUP(B3,'All '!B:B,'All '!A:A,"No Found") -> TDAM002 | B3: Rahees PK | C3: MERN | D3: =COUNTIF($B$3:B23,B3) -> 1 | E3: 46182 | F3: 5 | G3: =IF(F3="","Pending",IF(F3<7,"Weekback","No Weekback")) -> Weekback | J3: 2
A4: =_xlfn.XLOOKUP(B4,'All '!B:B,'All '!A:A,"No Found") -> TDAM003 | B4: Hisham | C4: MERN | D4: =COUNTIF($B$3:B24,B4) -> 1 | E4: 46182 | F4: 5 | G4: =IF(F4="","Pending",IF(F4<7,"Weekback","No Weekback")) -> Weekback
A5: =_xlfn.XLOOKUP(B5,'All '!B:B,'All '!A:A,"No Found") -> TDAM004 | B5: Harshal | C5: MERN | D5: =COUNTIF($B$3:B25,B5) -> 1 | E5: 46182 | F5: 6 | G5: =IF(F5="","Pending",IF(F5<7,"Weekback","No Weekback")) -> Weekback
A6: =_xlfn.XLOOKUP(B6,'All '!B:B,'All '!A:A,"No Found") -> TDAU001 | B6: Fathima Rafa | C6: UX-React | D6: =COUNTIF($B$3:B26,B6) -> 1 | E6: 46182 | F6: 7 | G6: =IF(F6="","Pending",IF(F6<7,"Weekback","No Weekback")) -> No Weekback
A7: =_xlfn.XLOOKUP(B7,'All '!B:B,'All '!A:A,"No Found") -> TDAU002 | B7: Fathima Safna | C7: UX-React | D7: =COUNTIF($B$3:B27,B7) -> 1 | E7: 46182 | F7: 2.3 | G7: =IF(F7="","Pending",IF(F7<7,"Weekback","No Weekback")) -> Weekback
A8: =_xlfn.XLOOKUP(B8,'All '!B:B,'All '!A:A,"No Found") -> TDAU003 | B8: Riswa Mehfin | C8: UX-React | D8: =COUNTIF($B$3:B28,B8) -> 1 | E8: 46182 | F8: 1.3 | G8: =IF(F8="","Pending",IF(F8<7,"Weekback","No Weekback")) -> Weekback
A9: =_xlfn.XLOOKUP(B9,'All '!B:B,'All '!A:A,"No Found") -> TDAU004 | B9: Faheem | C9: UX-React | D9: =COUNTIF($B$3:B29,B9) -> 1 | E9: 46182 | F9: 4 | G9: =IF(F9="","Pending",IF(F9<7,"Weekback","No Weekback")) -> Weekback | O9: +
A10: =_xlfn.XLOOKUP(B10,'All '!B:B,'All '!A:A,"No Found") -> TDAR002 | B10: M. Shamil TK | C10: PythonDjango-React | D10: =COUNTIF($B$3:B30,B10) -> 1 | E10: 46182 | F10: 3 | G10: =IF(F10="","Pending",IF(F10<7,"Weekback","No Weekback")) -> Weekback
A11: =_xlfn.XLOOKUP(B11,'All '!B:B,'All '!A:A,"No Found") -> TDAR003 | B11: M. Muaad | C11: PythonDjango-React | D11: =COUNTIF($B$3:B31,B11) -> 1 | E11: 46182 | F11: 6 | G11: =IF(F11="","Pending",IF(F11<7,"Weekback","No Weekback")) -> Weekback
A12: =_xlfn.XLOOKUP(B12,'All '!B:B,'All '!A:A,"No Found") -> TDAR005 | B12: M. Ajmal CP | C12: PythonDjango-React | D12: =COUNTIF($B$3:B32,B12) -> 1 | E12: 46182 | F12: 4 | G12: =IF(F12="","Pending",IF(F12<7,"Weekback","No Weekback")) -> Weekback
A13: =_xlfn.XLOOKUP(B13,'All '!B:B,'All '!A:A,"No Found") -> TDAR006 | B13: M. Rameesh KP | C13: PythonDjango-React | D13: =COUNTIF($B$3:B33,B13) -> 1 | E13: 46182 | F13: 3 | G13: =IF(F13="","Pending",IF(F13<7,"Weekback","No Weekback")) -> Weekback
A14: =_xlfn.XLOOKUP(B14,'All '!B:B,'All '!A:A,"No Found") -> TDAR007 | B14: M. Irfan H | C14: PythonDjango-React | D14: =COUNTIF($B$3:B34,B14) -> 1 | E14: 46182 | F14: 8 | G14: =IF(F14="","Pending",IF(F14<7,"Weekback","No Weekback")) -> No Weekback
A15: =_xlfn.XLOOKUP(B15,'All '!B:B,'All '!A:A,"No Found") -> TDAM006 | B15: M. Safeer | C15: MERN | D15: =COUNTIF($B$3:B35,B15) -> 1 | E15: 46182 | F15: 7 | G15: =IF(F15="","Pending",IF(F15<7,"Weekback","No Weekback")) -> No Weekback
A16: =_xlfn.XLOOKUP(B16,'All '!B:B,'All '!A:A,"No Found") -> TDAR009 | B16: Raneed | C16: PythonDjango-React | D16: =COUNTIF($B$3:B36,B16) -> 1 | E16: 46182 | F16: 4.5 | G16: =IF(F16="","Pending",IF(F16<7,"Weekback","No Weekback")) -> Weekback
A17: =_xlfn.XLOOKUP(B17,'All '!B:B,'All '!A:A,"No Found") -> TDAR010 | B17: Ashil | C17: PythonDjango-React | D17: =COUNTIF($B$3:B37,B17) -> 1 | E17: 46182 | F17: Resheduled | G17: =IF(F17="","Pending",IF(F17<7,"Weekback","No Weekback")) -> No Weekback
A18: =_xlfn.XLOOKUP(B18,'All '!B:B,'All '!A:A,"No Found") -> TDAM001 | B18: Ameesha | C18: Flutter-Django | D18: =COUNTIF($B$3:B38,B18) -> 1 | E18: 46182 | F18: 5 | G18: =IF(F18="","Pending",IF(F18<7,"Weekback","No Weekback")) -> Weekback
A19: =_xlfn.XLOOKUP(B19,'All '!B:B,'All '!A:A,"No Found") -> TDAM007 | B19: Nibrasul Haqu C | C19: MERN | D19: =COUNTIF($B$3:B39,B19) -> 1 | E19: 46182 | F19: 6 | G19: =IF(F19="","Pending",IF(F19<7,"Weekback","No Weekback")) -> Weekback
A20: =_xlfn.XLOOKUP(B20,'All '!B:B,'All '!A:A,"No Found") -> TDAR012 | B20: M. Jamshid | C20: PythonDjango-React | D20: =COUNTIF($B$3:B40,B20) -> 1 | E20: 46182 | F20: Resheduled | G20: =IF(F20="","Pending",IF(F20<7,"Weekback","No Weekback")) -> No Weekback
A21: =_xlfn.XLOOKUP(B21,'All '!B:B,'All '!A:A,"No Found") -> TDAR013 | B21: M. Irfan K | C21: PythonDjango-React | D21: =COUNTIF($B$3:B41,B21) -> 1 | E21: 46182 | F21: 4 | G21: =IF(F21="","Pending",IF(F21<7,"Weekback","No Weekback")) -> Weekback
A22: =_xlfn.XLOOKUP(B22,'All '!B:B,'All '!A:A,"No Found") -> TDAR014 | B22: Nihal Roshan | C22: PythonDjango-React | D22: =COUNTIF($B$3:B42,B22) -> 1 | E22: 46182 | F22: 5 | G22: =IF(F22="","Pending",IF(F22<7,"Weekback","No Weekback")) -> Weekback
A23: =_xlfn.XLOOKUP(B23,'All '!B:B,'All '!A:A,"No Found") -> TDAR015 | B23: Fadhil | C23: PythonDjango-React | D23: =COUNTIF($B$3:B43,B23) -> 1 | E23: 46182 | F23: Resheduled | G23: =IF(F23="","Pending",IF(F23<7,"Weekback","No Weekback")) -> No Weekback
A24: =_xlfn.XLOOKUP(B24,'All '!B:B,'All '!A:A,"No Found") -> TDAR016 | B24: Abdul Sabith SB | C24: PythonDjango-React | D24: =COUNTIF($B$3:B44,B24) -> 1 | E24: 46182 | F24: 3.5 | G24: =IF(F24="","Pending",IF(F24<7,"Weekback","No Weekback")) -> Weekback
A25: =_xlfn.XLOOKUP(B25,'All '!B:B,'All '!A:A,"No Found") -> TDAR017 | B25: Abu Hashim | C25: PythonDjango-React | D25: =COUNTIF($B$3:B45,B25) -> 1 | E25: 46182 | F25: 0.5 | G25: =IF(F25="","Pending",IF(F25<7,"Weekback","No Weekback")) -> Weekback
A26: =_xlfn.XLOOKUP(B26,'All '!B:B,'All '!A:A,"No Found") -> TDAR018 | B26: Nabla Paleri | C26: PythonDjango-React | D26: =COUNTIF($B$3:B46,B26) -> 1 | E26: 46182 | F26: 5 | G26: =IF(F26="","Pending",IF(F26<7,"Weekback","No Weekback")) -> Weekback
A27: =_xlfn.XLOOKUP(B27,'All '!B:B,'All '!A:A,"No Found") -> TDAR019 | B27: Fidha Jebin | C27: PythonDjango-React | D27: =COUNTIF($B$3:B47,B27) -> 1 | E27: 46182 | F27: 7.5 | G27: =IF(F27="","Pending",IF(F27<7,"Weekback","No Weekback")) -> No Weekback
A28: =_xlfn.XLOOKUP(B28,'All '!B:B,'All '!A:A,"No Found") -> TDAR020 | B28: Jabir Ali | C28: PythonDjango-React | D28: =COUNTIF($B$3:B48,B28) -> 1 | E28: 46182 | F28: 4 | G28: =IF(F28="","Pending",IF(F28<7,"Weekback","No Weekback")) -> Weekback
A29: =_xlfn.XLOOKUP(B29,'All '!B:B,'All '!A:A,"No Found") -> TDAR021 | B29: Shiyas Ahmad | C29: PythonDjango-React | D29: =COUNTIF($B$3:B49,B29) -> 1 | E29: 46182 | F29: 5 | G29: =IF(F29="","Pending",IF(F29<7,"Weekback","No Weekback")) -> Weekback
A30: =_xlfn.XLOOKUP(B30,'All '!B:B,'All '!A:A,"No Found") -> TDAA003 | B30: Nidhal Muhammad PC | C30: PythonDjango-Angular | D30: =COUNTIF($B$3:B50,B30) -> 1 | E30: 46182 | F30: 4 | G30: =IF(F30="","Pending",IF(F30<7,"Weekback","No Weekback")) -> Weekback
A31: =_xlfn.XLOOKUP(B31,'All '!B:B,'All '!A:A,"No Found") -> TDAF002 | B31: Muhammed Shahid | C31: Python Flutter | D31: =COUNTIF($B$3:B51,B31) -> 1 | E31: 46182 | F31: 7 | G31: =IF(F31="","Pending",IF(F31<7,"Weekback","No Weekback")) -> No Weekback
A32: =_xlfn.XLOOKUP(B32,'All '!B:B,'All '!A:A,"No Found") -> TDAF003 | B32: Hudha Reema | C32: Python Flutter | D32: =COUNTIF($B$3:B52,B32) -> 1 | E32: 46182 | F32: 7.5 | G32: =IF(F32="","Pending",IF(F32<7,"Weekback","No Weekback")) -> No Weekback
A33: =_xlfn.XLOOKUP(B33,'All '!B:B,'All '!A:A,"No Found") -> TDAR022 | B33: Jithin | C33: PythonDjango-React | D33: =COUNTIF($B$3:B53,B33) -> 1 | E33: 46182 | F33: 7 | G33: =IF(F33="","Pending",IF(F33<7,"Weekback","No Weekback")) -> No Weekback
A34: =_xlfn.XLOOKUP(B34,'All '!B:B,'All '!A:A,"No Found") -> TDAU005 | B34: Sinan | C34: UX-React | D34: 1 | E34: 46191 | F34: 3 | G34: =IF(F34="","Pending",IF(F34<7,"Weekback","No Weekback")) -> Weekback
A35: =_xlfn.XLOOKUP(B35,'All '!B:B,'All '!A:A,"No Found") -> TDAR001 | B35: M Shameel | C35: PythonDjango-React | D35: 1 | E35: 46191 | F35: 8 | G35: =IF(F35="","Pending",IF(F35<7,"Weekback","No Weekback")) -> No Weekback
A36: =_xlfn.XLOOKUP(B36,'All '!B:B,'All '!A:A,"No Found") -> TDAR008 | B36: Sajeer Fasil | C36: PythonDjango-React | D36: 1 | E36: 46191 | F36: 5 | G36: =IF(F36="","Pending",IF(F36<7,"Weekback","No Weekback")) -> Weekback
A37: =_xlfn.XLOOKUP(B37,'All '!B:B,'All '!A:A,"No Found") -> TDAA002 | B37: Ameera K | C37: PythonDjango-Angular | D37: 1 | E37: 46191 | F37: 5.5 | G37: =IF(F37="","Pending",IF(F37<7,"Weekback","No Weekback")) -> Weekback
A38: =_xlfn.XLOOKUP(B38,'All '!B:B,'All '!A:A,"No Found") -> TDAM009 | B38: Abinav | C38: MERN | D38: 1 | E38: 46191 | F38: 5 | G38: =IF(F38="","Pending",IF(F38<7,"Weekback","No Weekback")) -> Weekback
A39: =_xlfn.XLOOKUP(B39,'All '!B:B,'All '!A:A,"No Found") -> TDAN001 | B39: M. Shabeeb | C39: Python Next js | D39: 1 | E39: 46191 | F39: 7 | G39: =IF(F39="","Pending",IF(F39<7,"Weekback","No Weekback")) -> No Weekback
A40: =_xlfn.XLOOKUP(B40,'All '!B:B,'All '!A:A,"No Found") -> TDAM008 | B40: Aswin kc | C40: =_xlfn.XLOOKUP($B40,'All '!B:B,'All '!C:C,"No Found") -> MERN | D40: 1 | E40: 46206 | F40: 8 | G40: =IF(F40="","Pending",IF(F40<7,"Weekback","No Weekback")) -> No Weekback
A41: =_xlfn.XLOOKUP(B41,'All '!B:B,'All '!A:A,"No Found") -> TDAP001 | B41: M Nasif | C41: =_xlfn.XLOOKUP($B41,'All '!B:B,'All '!C:C,"No Found") -> Python | D41: 1 | E41: 46223 | F41: AB | G41: =IF(F41="","Pending",IF(F41<7,"Weekback","No Weekback")) -> No Weekback
A42: =_xlfn.XLOOKUP(B42,'All '!B:B,'All '!A:A,"No Found") -> TDAM010 | B42: M Sinan | C42: =_xlfn.XLOOKUP($B42,'All '!B:B,'All '!C:C,"No Found") -> MERN | D42: 1 | E42: 46218 | F42: 6 | G42: =IF(F42="","Pending",IF(F42<7,"Weekback","No Weekback")) -> Weekback
A43: =_xlfn.XLOOKUP(B43,'All '!B:B,'All '!A:A,"No Found") -> TDAM005 | B43: M. Danish | C43: =_xlfn.XLOOKUP($B43,'All '!B:B,'All '!C:C,"No Found") -> MERN | D43: 1 | E43: 46212 | F43: 5 | G43: =IF(F43="","Pending",IF(F43<7,"Weekback","No Weekback")) -> Weekback
A44: =_xlfn.XLOOKUP(B44,'All '!B:B,'All '!A:A,"No Found") -> TDAF004 | B44: Muhammed Munaver V P | C44: =_xlfn.XLOOKUP($B44,'All '!B:B,'All '!C:C,"No Found") -> python flutter | D44: 1 | E44: 46219 | F44: 5.5 | G44: =IF(F44="","Pending",IF(F44<7,"Weekback","No Weekback")) -> Weekback
A45: =_xlfn.XLOOKUP(B45,'All '!B:B,'All '!A:A,"No Found") -> TDAU006 | B45: Irfan PC | C45: =_xlfn.XLOOKUP($B45,'All '!B:B,'All '!C:C,"No Found") -> UX-React | D45: 1 | E45: 46212 | F45: 7 | G45: =IF(F45="","Pending",IF(F45<7,"Weekback","No Weekback")) -> No Weekback
A46: =_xlfn.XLOOKUP(B46,'All '!B:B,'All '!A:A,"No Found") -> TDAR011 | B46: Muhammed Rashid T | C46: =_xlfn.XLOOKUP($B46,'All '!B:B,'All '!C:C,"No Found") -> PythonDjango-React | D46: 1 | E46: 46221 | G46: =IF(F46="","Pending",IF(F46<7,"Weekback","No Weekback")) -> Pending
A47: =_xlfn.XLOOKUP(B47,'All '!B:B,'All '!A:A,"No Found") -> TDAN002 | B47: Rifana | C47: =_xlfn.XLOOKUP($B47,'All '!B:B,'All '!C:C,"No Found") -> Python Next js | D47: 1 | E47: 46226 | G47: =IF(F47="","Pending",IF(F47<7,"Weekback","No Weekback")) -> Pending
A48: =_xlfn.XLOOKUP(B48,'All '!B:B,'All '!A:A,"No Found") -> TDAA001 | B48: Ajmal | C48: PythonDjango-Angular | D48: 2 | E48: 46191 | F48: Resheduled | G48: =IF(F48="","Pending",IF(F48<7,"Weekback","No Weekback")) -> No Weekback
A49: =_xlfn.XLOOKUP(B49,'All '!B:B,'All '!A:A,"No Found") -> TDAM004 | B49: Harshal | C49: MERN | D49: 2 | E49: 46191 | F49: 2.5 | G49: =IF(F49="","Pending",IF(F49<7,"Weekback","No Weekback")) -> Weekback
A50: =_xlfn.XLOOKUP(B50,'All '!B:B,'All '!A:A,"No Found") -> TDAU001 | B50: Fathima Rafa | C50: UX-React | D50: 2 | E50: 46191 | F50: 7.5 | G50: =IF(F50="","Pending",IF(F50<7,"Weekback","No Weekback")) -> No Weekback
A51: =_xlfn.XLOOKUP(B51,'All '!B:B,'All '!A:A,"No Found") -> TDAU002 | B51: Fathima Safna | C51: UX-React | D51: 2 | E51: 46191 | F51: 5 | G51: =IF(F51="","Pending",IF(F51<7,"Weekback","No Weekback")) -> Weekback
A52: =_xlfn.XLOOKUP(B52,'All '!B:B,'All '!A:A,"No Found") -> TDAU004 | B52: Faheem | C52: UX-React | D52: 2 | E52: 46191 | F52: 4.5 | G52: =IF(F52="","Pending",IF(F52<7,"Weekback","No Weekback")) -> Weekback
A53: =_xlfn.XLOOKUP(B53,'All '!B:B,'All '!A:A,"No Found") -> TDAR003 | B53: M. Muaad | C53: PythonDjango-React | D53: 2 | E53: 46191 | F53: 5 | G53: =IF(F53="","Pending",IF(F53<7,"Weekback","No Weekback")) -> Weekback
A54: =_xlfn.XLOOKUP(B54,'All '!B:B,'All '!A:A,"No Found") -> TDAR009 | B54: Raneed | C54: PythonDjango-React | D54: 2 | E54: 46191 | F54: 7.5 | G54: =IF(F54="","Pending",IF(F54<7,"Weekback","No Weekback")) -> No Weekback
A55: =_xlfn.XLOOKUP(B55,'All '!B:B,'All '!A:A,"No Found") -> TDAR010 | B55: Ashil | C55: PythonDjango-React | D55: 2 | E55: 46191 | F55: 6.75 | G55: =IF(F55="","Pending",IF(F55<7,"Weekback","No Weekback")) -> Weekback
A56: =_xlfn.XLOOKUP(B56,'All '!B:B,'All '!A:A,"No Found") -> TDAM001 | B56: Ameesha | C56: Flutter-Django | D56: 2 | E56: 46191 | F56: 3 | G56: =IF(F56="","Pending",IF(F56<7,"Weekback","No Weekback")) -> Weekback
A57: =_xlfn.XLOOKUP(B57,'All '!B:B,'All '!A:A,"No Found") -> TDAM007 | B57: Nibrasul Haqu C | C57: MERN | D57: 2 | E57: 46191 | F57: 2 | G57: =IF(F57="","Pending",IF(F57<7,"Weekback","No Weekback")) -> Weekback
A58: =_xlfn.XLOOKUP(B58,'All '!B:B,'All '!A:A,"No Found") -> TDAR012 | B58: M. Jamshid | C58: PythonDjango-React | D58: 2 | E58: 46191 | F58: 4.5 | G58: =IF(F58="","Pending",IF(F58<7,"Weekback","No Weekback")) -> Weekback
A59: =_xlfn.XLOOKUP(B59,'All '!B:B,'All '!A:A,"No Found") -> TDAR013 | B59: M. Irfan K | C59: PythonDjango-React | D59: 2 | E59: 46191 | F59: 7 | G59: =IF(F59="","Pending",IF(F59<7,"Weekback","No Weekback")) -> No Weekback
A60: =_xlfn.XLOOKUP(B60,'All '!B:B,'All '!A:A,"No Found") -> TDAR014 | B60: Nihal Roshan | C60: PythonDjango-React | D60: 2 | E60: 46191 | F60: 5 | G60: =IF(F60="","Pending",IF(F60<7,"Weekback","No Weekback")) -> Weekback
... A63: =_xlfn.XLOOKUP(B63,'All '!B:B,'All '!A:A,"No Found") -> TDAR022 | B63: Jithin | C63: PythonDjango-React | D63: 2 | E63: 46191 | F63: 3 | G63: =IF(F63="","Pending",IF(F63<7,"Weekback","No Weekback")) -> Weekback
A64: =_xlfn.XLOOKUP(B64,'All '!B:B,'All '!A:A,"No Found") -> TDAM009 | B64: Abinav | C64: =_xlfn.XLOOKUP($B64,'All '!B:B,'All '!C:C,"No Found") -> MERN | D64: 2 | E64: 46206 | F64: 8 | G64: =IF(F64="","Pending",IF(F64<7,"Weekback","No Weekback")) -> No Weekback
A65: =_xlfn.XLOOKUP(B65,'All '!B:B,'All '!A:A,"No Found") -> TDAM003 | B65: Hisham | C65: =_xlfn.XLOOKUP($B65,'All '!B:B,'All '!C:C,"No Found") -> MERN | D65: 2 | E65: 46218 | F65: AB | G65: =IF(F65="","Pending",IF(F65<7,"Weekback","No Weekback")) -> No Weekback
A66: =_xlfn.XLOOKUP(B66,'All '!B:B,'All '!A:A,"No Found") -> TDAM006 | B66: M. Safeer | C66: =_xlfn.XLOOKUP($B66,'All '!B:B,'All '!C:C,"No Found") -> MERN | D66: 2 | E66: 46218 | F66: 5 | G66: =IF(F66="","Pending",IF(F66<7,"Weekback","No Weekback")) -> Weekback
A67: =_xlfn.XLOOKUP(B67,'All '!B:B,'All '!A:A,"No Found") -> TDAF003 | B67: Hudha Reema | C67: =_xlfn.XLOOKUP($B67,'All '!B:B,'All '!C:C,"No Found") -> python flutter | D67: 2 | E67: 46220 | F67: 6.5 | G67: =IF(F67="","Pending",IF(F67<7,"Weekback","No Weekback")) -> Weekback
A68: =_xlfn.XLOOKUP(B68,'All '!B:B,'All '!A:A,"No Found") -> TDAF002 | B68: Muhammed Shahid | C68: =_xlfn.XLOOKUP($B68,'All '!B:B,'All '!C:C,"No Found") -> Python Flutter | D68: 2 | E68: 46220 | F68: 7.75 | G68: =IF(F68="","Pending",IF(F68<7,"Weekback","No Weekback")) -> No Weekback
A69: =_xlfn.XLOOKUP(B69,'All '!B:B,'All '!A:A,"No Found") -> TDAN001 | B69: M. Shabeeb | C69: =_xlfn.XLOOKUP($B69,'All '!B:B,'All '!C:C,"No Found") -> Python Next js | D69: 2 | E69: 46220 | F69: 6.5 | G69: =IF(F69="","Pending",IF(F69<7,"Weekback","No Weekback")) -> Weekback
A70: =_xlfn.XLOOKUP(B70,'All '!B:B,'All '!A:A,"No Found") -> TDAR026 | B70: M. Anas | C70: =_xlfn.XLOOKUP($B70,'All '!B:B,'All '!C:C,"No Found") -> PythonDjango-React | D70: 1 | E70: 46212 | G70: =IF(F70="","Pending",IF(F70<7,"Weekback","No Weekback")) -> Pending
A71: =_xlfn.XLOOKUP(B71,'All '!B:B,'All '!A:A,"No Found") -> TDAR019 | B71: Fidha jebin | C71: =_xlfn.XLOOKUP($B71,'All '!B:B,'All '!C:C,"No Found") -> PythonDjango-React | D71: 2 | E71: 46218 | F71: 8 | G71: =IF(F71="","Pending",IF(F71<7,"Weekback","No Weekback")) -> No Weekback
A72: =_xlfn.XLOOKUP(B72,'All '!B:B,'All '!A:A,"No Found") -> TDAR020 | B72: Jabir ali | C72: =_xlfn.XLOOKUP($B72,'All '!B:B,'All '!C:C,"No Found") -> PythonDjango-React | D72: 2 | E72: 46218 | F72: AB | G72: =IF(F72="","Pending",IF(F72<7,"Weekback","No Weekback")) -> No Weekback
A73: =_xlfn.XLOOKUP(B73,'All '!B:B,'All '!A:A,"No Found") -> TDAU003 | B73: Riswa Mehfin | C73: =_xlfn.XLOOKUP($B73,'All '!B:B,'All '!C:C,"No Found") -> UX-React | D73: 2 | E73: 46213 | F73: 7 | G73: =IF(F73="","Pending",IF(F73<7,"Weekback","No Weekback")) -> No Weekback
A74: =_xlfn.XLOOKUP(B74,'All '!B:B,'All '!A:A,"No Found") -> TDAR015 | B74: Fadhil | C74: =_xlfn.XLOOKUP($B74,'All '!B:B,'All '!C:C,"No Found") -> PythonDjango-React | D74: 2 | E74: 46216 | G74: =IF(F74="","Pending",IF(F74<7,"Weekback","No Weekback")) -> Pending
A75: =_xlfn.XLOOKUP(B75,'All '!B:B,'All '!A:A,"No Found") -> TDAR001 | B75: M Shameel | C75: =_xlfn.XLOOKUP($B75,'All '!B:B,'All '!C:C,"No Found") -> PythonDjango-React | D75: 2 | E75: 46221 | G75: =IF(F75="","Pending",IF(F75<7,"Weekback","No Weekback")) -> Pending
A76: =_xlfn.XLOOKUP(B76,'All '!B:B,'All '!A:A,"No Found") -> TDAR007 | B76: M. Irfan H | C76: =_xlfn.XLOOKUP($B76,'All '!B:B,'All '!C:C,"No Found") -> PythonDjango-React | D76: 2 | E76: 46224 | G76: =IF(F76="","Pending",IF(F76<7,"Weekback","No Weekback")) -> Pending
A77: =_xlfn.XLOOKUP(B77,'All '!B:B,'All '!A:A,"No Found") -> TDAR008 | B77: Sajeer Fasil | C77: =_xlfn.XLOOKUP($B77,'All '!B:B,'All '!C:C,"No Found") -> PythonDjango-React | D77: 2 | E77: 46216 | G77: =IF(F77="","Pending",IF(F77<7,"Weekback","No Weekback")) -> Pending
A78: =_xlfn.XLOOKUP(B78,'All '!B:B,'All '!A:A,"No Found") -> TDAM004 | B78: Harshal | C78: =_xlfn.XLOOKUP($B78,'All '!B:B,'All '!C:C,"No Found") -> MERN | D78: 3 | E78: 46216 | F78: 7.5 | G78: =IF(F78="","Pending",IF(F78<7,"Weekback","No Weekback")) -> No Weekback
A79: =_xlfn.XLOOKUP(B79,'All '!B:B,'All '!A:A,"No Found") -> TDAA001 | B79: Ajmal | C79: =_xlfn.XLOOKUP($B79,'All '!B:B,'All '!C:C,"No Found") -> PythonDjango-Angular | D79: 3 | E79: 46218 | F79: 7 | G79: =IF(F79="","Pending",IF(F79<7,"Weekback","No Weekback")) -> No Weekback
A80: =_xlfn.XLOOKUP(B80,'All '!B:B,'All '!A:A,"No Found") -> TDAA003 | B80: Nidhal Muhammad PC | C80: =_xlfn.XLOOKUP($B80,'All '!B:B,'All '!C:C,"No Found") -> PythonDjango-Angular | D80: 2 | E80: 46220 | F80: 6 | G80: =IF(F80="","Pending",IF(F80<7,"Weekback","No Weekback")) -> Weekback
A81: =_xlfn.XLOOKUP(B81,'All '!B:B,'All '!A:A,"No Found") -> TDAR016 | B81: Abdul Sabith SB | C81: =_xlfn.XLOOKUP($B81,'All '!B:B,'All '!C:C,"No Found") -> PythonDjango-React | D81: 3 | E81: 46219 | F81: AB | G81: =IF(F81="","Pending",IF(F81<7,"Weekback","No Weekback")) -> No Weekback
A82: =_xlfn.XLOOKUP(B82,'All '!B:B,'All '!A:A,"No Found") -> TDAR010 | B82: Ashil | C82: =_xlfn.XLOOKUP($B82,'All '!B:B,'All '!C:C,"No Found") -> PythonDjango-React | D82: 3 | E82: 46219 | F82: 4 | G82: =IF(F82="","Pending",IF(F82<7,"Weekback","No Weekback")) -> Weekback
A83: =_xlfn.XLOOKUP(B83,'All '!B:B,'All '!A:A,"No Found") -> TDAR012 | B83: M. Jamshid | C83: =_xlfn.XLOOKUP($B83,'All '!B:B,'All '!C:C,"No Found") -> PythonDjango-React | D83: 3 | E83: 46224 | F83: 4 | G83: =IF(F83="","Pending",IF(F83<7,"Weekback","No Weekback")) -> Weekback
A84: =_xlfn.XLOOKUP(B84,'All '!B:B,'All '!A:A,"No Found") -> TDAR003 | B84: M. Muaad | C84: =_xlfn.XLOOKUP($B84,'All '!B:B,'All '!C:C,"No Found") -> PythonDjango-React | D84: 3 | E84: 46211 | F84: 7 | G84: =IF(F84="","Pending",IF(F84<7,"Weekback","No Weekback")) -> No Weekback
A85: =_xlfn.XLOOKUP(B85,'All '!B:B,'All '!A:A,"No Found") -> TDAR014 | B85: Nihal Roshan | C85: =_xlfn.XLOOKUP($B85,'All '!B:B,'All '!C:C,"No Found") -> PythonDjango-React | D85: 3 | E85: 46211 | F85: 6 | G85: =IF(F85="","Pending",IF(F85<7,"Weekback","No Weekback")) -> Weekback
A86: =_xlfn.XLOOKUP(B86,'All '!B:B,'All '!A:A,"No Found") -> TDAR021 | B86: Shiyas Ahmad | C86: =_xlfn.XLOOKUP($B86,'All '!B:B,'All '!C:C,"No Found") -> PythonDjango-React | D86: 3 | E86: 46218 | F86: 6 | G86: =IF(F86="","Pending",IF(F86<7,"Weekback","No Weekback")) -> Weekback
A87: =_xlfn.XLOOKUP(B87,'All '!B:B,'All '!A:A,"No Found") -> TDAU002 | B87: Fathima Safna | C87: =_xlfn.XLOOKUP($B87,'All '!B:B,'All '!C:C,"No Found") -> UX-React | D87: 3 | E87: 46213 | F87: 7 | G87: =IF(F87="","Pending",IF(F87<7,"Weekback","No Weekback")) -> No Weekback
A88: =_xlfn.XLOOKUP(B88,'All '!B:B,'All '!A:A,"No Found") -> TDAU004 | B88: Faheem | C88: =_xlfn.XLOOKUP($B88,'All '!B:B,'All '!C:C,"No Found") -> UX-React | D88: 3 | E88: 46213 | F88: 8.5 | G88: =IF(F88="","Pending",IF(F88<7,"Weekback","No Weekback")) -> No Weekback
A89: =IF(B89="","",_xlfn.XLOOKUP(B89,'All '!B:B,'All '!A:A,"No Found")) | C89: =IF(B89="","",_xlfn.XLOOKUP($B89,'All '!B:B,'All '!C:C,"No Found")) | D89: =IF(B89="","",COUNTIF($B$2:B89,B89)) | G89: =IF(F89="","Pending",IF(F89<7,"Weekback","No Weekback")) -> Pending
A90: =IF(B90="","",_xlfn.XLOOKUP(B90,'All '!B:B,'All '!A:A,"No Found")) | C90: =IF(B90="","",_xlfn.XLOOKUP($B90,'All '!B:B,'All '!C:C,"No Found")) | D90: =IF(B90="","",COUNTIF($B$2:B90,B90)) | G90: =IF(F90="","Pending",IF(F90<7,"Weekback","No Weekback")) -> Pending
A91: =IF(B91="","",_xlfn.XLOOKUP(B91,'All '!B:B,'All '!A:A,"No Found")) | C91: =IF(B91="","",_xlfn.XLOOKUP($B91,'All '!B:B,'All '!C:C,"No Found")) | D91: =IF(B91="","",COUNTIF($B$2:B91,B91)) | G91: =IF(F91="","Pending",IF(F91<7,"Weekback","No Weekback")) -> Pending
A92: =IF(B92="","",_xlfn.XLOOKUP(B92,'All '!B:B,'All '!A:A,"No Found")) | C92: =IF(B92="","",_xlfn.XLOOKUP($B92,'All '!B:B,'All '!C:C,"No Found")) | D92: =IF(B92="","",COUNTIF($B$2:B92,B92)) | G92: =IF(F92="","Pending",IF(F92<7,"Weekback","No Weekback")) -> Pending
A93: =IF(B93="","",_xlfn.XLOOKUP(B93,'All '!B:B,'All '!A:A,"No Found")) | C93: =IF(B93="","",_xlfn.XLOOKUP($B93,'All '!B:B,'All '!C:C,"No Found")) | D93: =IF(B93="","",COUNTIF($B$2:B93,B93)) | G93: =IF(F93="","Pending",IF(F93<7,"Weekback","No Weekback")) -> Pending
A94: =IF(B94="","",_xlfn.XLOOKUP(B94,'All '!B:B,'All '!A:A,"No Found")) | C94: =IF(B94="","",_xlfn.XLOOKUP($B94,'All '!B:B,'All '!C:C,"No Found")) | D94: =IF(B94="","",COUNTIF($B$2:B94,B94)) | G94: =IF(F94="","Pending",IF(F94<7,"Weekback","No Weekback")) -> Pending
A95: =IF(B95="","",_xlfn.XLOOKUP(B95,'All '!B:B,'All '!A:A,"No Found")) | C95: =IF(B95="","",_xlfn.XLOOKUP($B95,'All '!B:B,'All '!C:C,"No Found")) | D95: =IF(B95="","",COUNTIF($B$2:B95,B95)) | G95: =IF(F95="","Pending",IF(F95<7,"Weekback","No Weekback")) -> Pending
A96: =IF(B96="","",_xlfn.XLOOKUP(B96,'All '!B:B,'All '!A:A,"No Found")) | C96: =IF(B96="","",_xlfn.XLOOKUP($B96,'All '!B:B,'All '!C:C,"No Found")) | D96: =IF(B96="","",COUNTIF($B$2:B96,B96)) | G96: =IF(F96="","Pending",IF(F96<7,"Weekback","No Weekback")) -> Pending
A97: =IF(B97="","",_xlfn.XLOOKUP(B97,'All '!B:B,'All '!A:A,"No Found")) | C97: =IF(B97="","",_xlfn.XLOOKUP($B97,'All '!B:B,'All '!C:C,"No Found")) | D97: =IF(B97="","",COUNTIF($B$2:B97,B97)) | G97: =IF(F97="","Pending",IF(F97<7,"Weekback","No Weekback")) -> Pending
A98: =IF(B98="","",_xlfn.XLOOKUP(B98,'All '!B:B,'All '!A:A,"No Found")) | C98: =IF(B98="","",_xlfn.XLOOKUP($B98,'All '!B:B,'All '!C:C,"No Found")) | D98: =IF(B98="","",COUNTIF($B$2:B98,B98)) | G98: =IF(F98="","Pending",IF(F98<7,"Weekback","No Weekback")) -> Pending
A99: =IF(B99="","",_xlfn.XLOOKUP(B99,'All '!B:B,'All '!A:A,"No Found")) | C99: =IF(B99="","",_xlfn.XLOOKUP($B99,'All '!B:B,'All '!C:C,"No Found")) | D99: =IF(B99="","",COUNTIF($B$2:B99,B99)) | G99: =IF(F99="","Pending",IF(F99<7,"Weekback","No Weekback")) -> Pending
A100: =IF(B100="","",_xlfn.XLOOKUP(B100,'All '!B:B,'All '!A:A,"No Found")) | C100: =IF(B100="","",_xlfn.XLOOKUP($B100,'All '!B:B,'All '!C:C,"No Found")) | D100: =IF(B100="","",COUNTIF($B$2:B100,B100)) | G100: =IF(F100="","Pending",IF(F100<7,"Weekback","No Weekback")) -> Pending
... A509: =IF(B509="","",_xlfn.XLOOKUP(B509,'All '!B:B,'All '!A:A,"No Found")) | C509: =IF(B509="","",_xlfn.XLOOKUP($B509,'All '!B:B,'All '!C:C,"No Found")) | D509: =IF(B509="","",COUNTIF($B$2:B509,B509)) | G509: =IF(F509="","Pending",IF(F509<7,"Weekback","No Weekback")) -> Pending
A510: =IF(B510="","",_xlfn.XLOOKUP(B510,'All '!B:B,'All '!A:A,"No Found")) | D510: =IF(B510="","",COUNTIF($B$2:B510,B510)) | G510: =IF(F510="","Pending",IF(F510<7,"Weekback","No Weekback")) -> Pending
...

Sheet Dashboard.
F5: Nidhal Muhammad PC
F7: STD ID : | H7: =_xlfn.XLOOKUP(F5,'All '!B:B,'All '!A:A,"Not Available") -> TDAA003
C10: COURSE PROGRESS | K10: STUDENT REVIEW
C11: Course Name | F11: =_xlfn.XLOOKUP(F5,'All '!B:B,'All '!C:C,"Not Available") -> PythonDjango-Angular | K11: Course | N11: =_xlfn.XLOOKUP(F5,'All '!B:B,'All '!C:C,"Not Available") -> PythonDjango-Angular
C12: Current Topic | F12: =_xlfn.XLOOKUP(F5,'All '!B:B,'All '!D:D,"Not Available") -> Python | K12: Review no | N12: 1
C13: Progress | F13: =_xlfn.XLOOKUP(F5,'All '!B:B,'All '!E:E,"Not Available") -> file handling | K13: Date reviewed | N13: {=_xlfn.XLOOKUP(1,('Review History'!B:B=Dashboard.!F5)*('Review History'!D:D=Dashboard.!N12),'Review History'!E:E,"Not Available")} -> 46182
C14: Staff Name | F14: =_xlfn.XLOOKUP(F5,'All '!B:B,'All '!H:H,"Not Available") -> Jan Sabith | K14: Mark | N14: {=_xlfn.XLOOKUP(1,('Review History'!B:B=Dashboard.!F5)*('Review History'!D:D=Dashboard.!N12)*('Review History'!E:E=Dashboard.!N13),'Review History'!F:F,"Not Available")} -> 4
C15: Beginning Date | F15: =IF(_xlfn.XLOOKUP(F5,'All '!B:B,'All '!F:F,"")="","Not Available",_xlfn.XLOOKUP(#REF!,'All '!B:B,'All '!F:F,"")) -> Not Available | K15: Status | N15: =IF(N14<7,"Weekback","No Weekback") -> Weekback
C16: End Date | F16: =_xlfn.XLOOKUP(F5,'All '!B:B,'All '!G:G,"Not Available") -> 46337 | K16: Trainer | N16: =IF(_xlfn.XLOOKUP(F5,'Review History'!B:B,'Review History'!H:H,"Not Available")="","Not Available") -> Not Available
C18: ATTENDANCE | K18: PRESENTATION
C19: Current Date | F19: 46213 | K19: Presentation no | N19: ='Presentation History'!M9 -> 1
C20: Status | F20: =IFERROR(INDEX('Staff - Student'!E2:V1007,MATCH(F5,'Staff - Student'!C2:C1007,0),MATCH(F19,'Staff - Student'!E1:DK1,0)),"Not Marked") -> Not Marked | K20: Topic | N20: {=_xlfn.XLOOKUP(1,('Presentation History'!B:B=Dashboard.!F5)*('Presentation History'!F:F=Dashboard.!N19),'Presentation History'!C:C,"Not Found")} -> Web3
C21: Total Days | F21: =SUM(F22:I23) -> 28.5
C22: Working Days | F22: =_xlfn.XLOOKUP(F5,'Staff - Student'!C:C,'Staff - Student'!JF:JF,"Not Available") -> 25.5 | K22: Date | N22: {=_xlfn.LET( _xlpm.d,_xlfn.XLOOKUP( 1, ('Presentation History'!B:B=F5)*('Presentation History'!F:F=N19), 'Presentation History'!D:D, "Not Available" ), IF(OR(_xlpm.d="",_xlpm.d="Not Available"),"Not Available",_xlpm.d))} -> 46211
C23: Absent Days | F23: =_xlfn.XLOOKUP(F5,'Staff - Student'!C:C,'Staff - Student'!JG:JG,"Not Available") -> 3 | K23: Status | N23: {=IF(_xlfn.XLOOKUP(1,('Presentation History'!B:B=Dashboard.!F5)*('Presentation History'!F:F=Dashboard.!N19)*('Presentation History'!C:C=Dashboard.!N20),'Presentation History'!E:E)="Done","Done","Not Done")} -> Done

Sheet Staff - Student
A1: SI No | B1: Staff | C1: Name | D1: Course | E1: 6-Jul | F1: 7-Jul | G1: 8-Jul | H1: 9-Jul | I1: 10-Jul | J1: 13-Jul | K1: 14-Jul | L1: 15-Jul | M1: 16-Jul | N1: 17-Jul | O1: 20-Jul | P1: 21-Jul | Q1: 22-Jul | R1: 23-Jul | S1: 24-Jul | T1: 27-Jul | U1: 28-Jul | V1: 29-Jul | W1: 30-Jul | X1: 31-Jul | Y1: 3-Aug | Z1: 4-Aug | AA1: 5-Aug | AB1: 6-Aug | AC1: 7-Aug | AD1: 10-Aug | AE1: 11-Aug | AF1: 12-Aug | AG1: 13-Aug | AH1: 14-Aug | AI1: 17-Aug | AJ1: 18-Aug | AK1: 19-Aug | AL1: 20-Aug | AM1: 21-Aug | AN1: 24-Aug | AO1: 25-Aug | AP1: 31-Aug | AQ1: 1-Sep | AR1: 2-Sep | AS1: 3-Sep | AT1: 4-Sep | AU1: 5-Sep | AV1: 6-Sep | AW1: 7-Sep | AX1: 8-Sep | AY1: 9-Sep | AZ1: 10-Sep | BA1: 11-Sep | BB1: 12-Sep | BC1: 13-Sep | BD1: 14-Sep | BE1: 15-Sep | BF1: 16-Sep | BG1: 17-Sep | BH1: 18-Sep | BI1: 19-Sep | BJ1: 20-Sep | BK1: 21-Sep | BL1: 22-Sep | BM1: 23-Sep | BN1: 24-Sep | BO1: 25-Sep | BP1: 26-Sep | BQ1: 27-Sep | BR1: 28-Sep | BS1: 29-Sep | BT1: 30-Sep | BU1: 1-Oct | BV1: 2-Oct | BW1: 3-Oct | BX1: 4-Oct | BY1: 5-Oct | BZ1: 6-Oct | CA1: 7-Oct | CB1: 8-Oct | CC1: 9-Oct | CD1: 10-Oct | CE1: 11-Oct | CF1: 12-Oct | CG1: 13-Oct | CH1: 14-Oct | CI1: 15-Oct | CJ1: 16-Oct | CK1: 17-Oct | CL1: 18-Oct | CM1: 19-Oct | CN1: 20-Oct | CO1: 21-Oct | CP1: 22-Oct | CQ1: 23-Oct | CR1: 24-Oct | CS1: 25-Oct | CT1: 26-Oct | CU1: 27-Oct | CV1: 28-Oct | CW1: 29-Oct | CX1: 30-Oct | CY1: 31-Oct | CZ1: 1-Nov | DA1: 2-Nov | DB1: 3-Nov | DC1: 4-Nov | JF1: Working Days | JG1: Absent
A2: 1 | B2: Saheer | C2: Fathima Rafa | D2: UI UX React | E2: Present | F2: Absent | G2: Present | H2: Absent | I2: Present | J2: Present | K2: Absent | L2: Absent | M2: Present | N2: Absent | O2: Absent | P2: Absent | Q2: Absent | R2: Absent | S2: Absent | T2: Absent | U2: Absent | V2: Absent | W2: Absent | X2: Absent | Y2: Absent | Z2: Absent | AA2: Absent | AB2: Present | AC2: Present | AD2: Present | AE2: Absent | AF2: Absent | AG2: Absent | JF2: =COUNTIF(E2:DK2,"Present")+(COUNTIF(E2:DK2,"Half Day")*0.5) -> 8 | JG2: =COUNTIF($E2:$DK2,"Absent")+(COUNTIF($E2:$DK2,"P(Half Day)")*0.5) -> 21 | JI2: =COUNTIF($E2:$JE2,"Present")+(COUNTIF($E2:$JE2,"Half Day")*0.5) -> 8
A3: 2 | C3: Faheem | D3: UI UX React | E3: Absent | F3: Absent | G3: Present | H3: Present | I3: Present | J3: Present | K3: Present | L3: Present | M3: Absent | N3: Absent | O3: Absent | P3: Present | Q3: Absent | R3: Absent | S3: Absent | T3: Present | U3: Absent | V3: Present | W3: Present | X3: Present | Y3: Absent | Z3: Present | AA3: Present | AB3: Present | AC3: Present | AD3: Present | AE3: Present | AF3: Absent | AG3: Absent | JF3: =COUNTIF(E3:DK3,"Present")+(COUNTIF(E3:DK3,"Half Day")*0.5) -> 17 | JG3: =COUNTIF($E3:$DK3,"Absent")+(COUNTIF($E3:$DK3,"P(Half Day)")*0.5) -> 12
A4: 3 | C4: Fathima Safna | D4: UI UX React | E4: Present | F4: Present | G4: Present | H4: Absent | I4: Present | J4: Present | K4: Present | L4: Present | M4: Present | N4: Absent | O4: Absent | P4: Present | Q4: Absent | R4: Present | S4: Present | T4: Present | U4: Present | V4: Present | W4: Present | X4: Present | Y4: Absent | Z4: Absent | AA4: Present | AB4: Present | AC4: Present | AD4: Present | AE4: Absent | AF4: Absent | AG4: Present | JF4: =COUNTIF(E4:DK4,"Present")+(COUNTIF(E4:DK4,"Half Day")*0.5) -> 21 | JG4: =COUNTIF($E4:$DK4,"Absent")+(COUNTIF($E4:$DK4,"P(Half Day)")*0.5) -> 8
A5: 4 | C5: Irfan PC | D5: UI UX React | E5: Present | F5: Present | G5: Present | H5: Present | I5: Present | J5: Present | K5: Present | L5: Present | M5: Present | N5: Present | O5: Absent | P5: Present | Q5: Present | R5: Present | S5: Present | T5: Present | U5: Present | V5: Present | W5: Present | X5: Present | Y5: Present | Z5: Present | AA5: Present | AB5: Present | AC5: Present | AD5: Present | AE5: Present | AF5: Present | AG5: Present | JF5: =COUNTIF(E5:DK5,"Present")+(COUNTIF(E5:DK5,"Half Day")*0.5) -> 28 | JG5: =COUNTIF($E5:$DK5,"Absent")+(COUNTIF($E5:$DK5,"P(Half Day)")*0.5) -> 1
A6: 5 | C6: Sinan | D6: UI UX React | E6: Absent | F6: Present | G6: Absent | H6: Absent | I6: Present | J6: Present | K6: Present | L6: Absent | M6: Present | N6: Present | O6: Absent | P6: Absent | Q6: Present | R6: Present | S6: Absent | T6: Present | U6: Present | V6: Present | W6: Present | X6: Absent | Y6: Absent | Z6: Present | AA6: Present | AB6: Present | AC6: Present | AD6: Present | AE6: Absent | AF6: Present | AG6: Present | JF6: =COUNTIF(E6:DK6,"Present")+(COUNTIF(E6:DK6,"Half Day")*0.5) -> 19 | JG6: =COUNTIF($E6:$DK6,"Absent")+(COUNTIF($E6:$DK6,"P(Half Day)")*0.5) -> 10
A7: 6 | C7: Rahsha | D7: UI UX React | E7: Absent | F7: Present | G7: Absent | H7: Absent | I7: Present | J7: Present | K7: Present | L7: Absent | M7: Absent | N7: Absent | O7: Absent | P7: Absent | Q7: Present | R7: Present | S7: Present | T7: Present | U7: Present | V7: Absent | W7: Present | X7: Absent | Y7: Absent | Z7: Absent | AA7: Absent | AB7: Present | AC7: Absent | AD7: Present | AE7: Present | AF7: Half Day | AG7: Half Day | JF7: =COUNTIF(E7:DK7,"Present")+(COUNTIF(E7:DK7,"Half Day")*0.5) -> 14 | JG7: =COUNTIF($E7:$DK7,"Absent")+(COUNTIF($E7:$DK7,"P(Half Day)")*0.5) -> 14
A8: 7 | C8: fathima Hudha | D8: UI UX | E8: Present | F8: Present | G8: Present | H8: Present | I8: Present | J8: Present | K8: Present | L8: Present | M8: Present | N8: Present | O8: Present | P8: Present | Q8: Present | R8: Present | S8: Present | T8: Present | U8: Present | V8: Present | W8: Present | X8: Present | Y8: Absent | Z8: Present | AA8: Present | AB8: Present | AC8: Present | AD8: Present | AE8: Absent | AF8: Present | AG8: Present | JF8: =COUNTIF(E8:DK8,"Present")+(COUNTIF(E8:DK8,"Half Day")*0.5) -> 27 | JG8: =COUNTIF($E8:$DK8,"Absent")+(COUNTIF($E8:$DK8,"P(Half Day)")*0.5) -> 2
A9: 8 | C9: Fathima Juba | D9: UI UX | E9: Present | F9: Present | G9: Present | H9: Present | I9: Present | J9: Present | K9: Present | L9: Present | M9: Present | N9: Present | O9: Present | P9: Present | Q9: Present | R9: Present | S9: Present | T9: Present | U9: Present | V9: Present | W9: Present | X9: Present | Y9: Absent | Z9: Present | AA9: Present | AB9: Present | AC9: Present | AD9: Present | AE9: Absent | AF9: Present | AG9: Present | JF9: =COUNTIF(E9:DK9,"Present")+(COUNTIF(E9:DK9,"Half Day")*0.5) -> 27 | JG9: =COUNTIF($E9:$DK9,"Absent")+(COUNTIF($E9:$DK9,"P(Half Day)")*0.5) -> 2
A10: 9 | C10: Risva Mehafin | D10: UI UX React | JF10: =COUNTIF(E10:DK10,"Present")+(COUNTIF(E10:DK10,"Half Day")*0.5) -> 0 | JG10: =COUNTIF($E10:$DK10,"Absent")+(COUNTIF($E10:$DK10,"P(Half Day)")*0.5) -> 0
A11: 10 | B11: Ameer | C11: Rahees PK | D11: MERN | E11: Absent | F11: Absent | G11: Absent | H11: Absent | I11: Absent | J11: Absent | K11: Absent | L11: Absent | M11: Absent | N11: Absent | O11: Absent | P11: Absent | Q11: Absent | R11: Absent | S11: Absent | T11: Absent | U11: Absent | V11: Absent | W11: Absent | X11: Absent | Y11: Absent | Z11: Absent | AA11: Absent | AB11: Absent | AC11: Absent | AD11: Absent | AE11: Absent | AF11: Absent | AG11: Absent | AH11: Absent | AI11: Absent | AJ11: Absent | JF11: =COUNTIF(E11:DK11,"Present")+(COUNTIF(E11:DK11,"Half Day")*0.5) -> 0 | JG11: =COUNTIF($E11:$DK11,"Absent")+(COUNTIF($E11:$DK11,"P(Half Day)")*0.5) -> 32
A12: 11 | C12: Nibrasul Haqu C | D12: MERN | E12: Present | F12: Present | G12: Absent | H12: Absent | I12: Absent | J12: Present | K12: Present | L12: Present | M12: Present | N12: Present | O12: Absent | P12: Absent | Q12: Present | R12: Present | S12: Present | T12: Absent | U12: Present | V12: Present | W12: Present | X12: Present | Y12: Absent | Z12: Absent | AA12: Present | AB12: Present | AC12: Present | AD12: Present | AE12: Present | AF12: Present | AG12: Present | AH12: Present | AI12: Absent | AJ12: Present | JF12: =COUNTIF(E12:DK12,"Present")+(COUNTIF(E12:DK12,"Half Day")*0.5) -> 23 | JG12: =COUNTIF($E12:$DK12,"Absent")+(COUNTIF($E12:$DK12,"P(Half Day)")*0.5) -> 9
A13: 12 | C13: Harshal | D13: MERN | E13: Present | F13: Present | G13: Absent | H13: Absent | I13: Present | J13: Present | K13: Present | L13: Absent | M13: Absent | N13: Present | O13: Absent | P13: Present | Q13: Present | R13: Present | S13: Absent | T13: Absent | U13: Present | V13: Present | W13: Present | X13: Absent | Y13: Absent | Z13: Absent | AA13: Present | AB13: Present | AC13: Present | AD13: Present | AE13: Absent | AF13: Present | AG13: Present | AH13: Absent | AI13: Present | AJ13: Present | JF13: =COUNTIF(E13:DK13,"Present")+(COUNTIF(E13:DK13,"Half Day")*0.5) -> 20 | JG13: =COUNTIF($E13:$DK13,"Absent")+(COUNTIF($E13:$DK13,"P(Half Day)")*0.5) -> 12
A14: 13 | C14: Aswin KC | D14: MERN | E14: Present | F14: Present | G14: Present | H14: Present | I14: Present | J14: Present | K14: Present | L14: Present | M14: Present | N14: Present | O14: Present | P14: Present | Q14: Present | R14: Present | S14: Present | T14: Present | U14: Present | V14: Present | W14: Present | X14: Present | Y14: Present | Z14: Present | AA14: Present | AB14: Present | AC14: Present | AD14: Present | AE14: Present | AF14: Present | AG14: Present | AH14: Present | AI14: Present | AJ14: Present | JF14: =COUNTIF(E14:DK14,"Present")+(COUNTIF(E14:DK14,"Half Day")*0.5) -> 32 | JG14: =COUNTIF($E14:$DK14,"Absent")+(COUNTIF($E14:$DK14,"P(Half Day)")*0.5) -> 0
A15: 14 | C15: Abinav | D15: MERN | E15: Present | F15: Present | G15: Present | H15: Present | I15: Present | J15: Present | K15: Present | L15: Present | M15: Present | N15: Present | O15: Absent | P15: Present | Q15: Present | R15: Present | S15: Present | T15: Present | U15: Present | V15: Present | W15: Present | X15: Present | Y15: Present | Z15: Present | AA15: Present | AB15: Present | AC15: Present | AD15: Present | AE15: Present | AF15: Present | AG15: Present | AH15: Present | AI15: Present | AJ15: Present | JF15: =COUNTIF(E15:DK15,"Present")+(COUNTIF(E15:DK15,"Half Day")*0.5) -> 31 | JG15: =COUNTIF($E15:$DK15,"Absent")+(COUNTIF($E15:$DK15,"P(Half Day)")*0.5) -> 1
A16: 15 | C16: Ajmal | D16: Python Angular | E16: Absent | F16: Present | G16: Absent | H16: Present | I16: Present | J16: Present | K16: Present | L16: Present | M16: Present | N16: Present | O16: Absent | P16: Present | Q16: Present | R16: Present | S16: Absent | T16: Absent | U16: Present | V16: Present | W16: Present | X16: Present | Y16: Present | Z16: Present | AA16: Present | AB16: Present | AC16: Present | AD16: Present | AE16: Present | AF16: Present | AG16: Present | AH16: Absent | AI16: Absent | AJ16: Present | JF16: =COUNTIF(E16:DK16,"Present")+(COUNTIF(E16:DK16,"Half Day")*0.5) -> 25 | JG16: =COUNTIF($E16:$DK16,"Absent")+(COUNTIF($E16:$DK16,"P(Half Day)")*0.5) -> 7
A17: 16 | C17: M. Safeer | D17: MERN | E17: Present | F17: Present | G17: Present | H17: Present | I17: Present | J17: Present | K17: Present | L17: Present | M17: Present | N17: Present | O17: Absent | P17: Absent | Q17: Absent | R17: Present | S17: Present | T17: Present | U17: Present | V17: Present | W17: Present | X17: Present | Y17: Absent | Z17: Present | AA17: Present | AB17: Present | AC17: Present | AD17: Absent | AE17: Present | AF17: Present | AG17: Present | AH17: Absent | AI17: Present | AJ17: Absent | JF17: =COUNTIF(E17:DK17,"Present")+(COUNTIF(E17:DK17,"Half Day")*0.5) -> 25 | JG17: =COUNTIF($E17:$DK17,"Absent")+(COUNTIF($E17:$DK17,"P(Half Day)")*0.5) -> 7
A18: 17 | C18: M. Danish | D18: MERN | E18: Half Day | F18: Absent | G18: Present | H18: Half Day | I18: Absent | J18: Absent | K18: Present | L18: Present | M18: Absent | N18: Absent | O18: Absent | P18: Absent | Q18: Absent | R18: Present | S18: Absent | T18: Present | U18: Present | V18: Present | W18: Absent | X18: Absent | Y18: Absent | Z18: Absent | AA18: Present | AB18: Present | AC18: Absent | AD18: Absent | AE18: Half Day | AF18: Present | AG18: Absent | AH18: Absent | AI18: Absent | AJ18: Absent | JF18: =COUNTIF(E18:DK18,"Present")+(COUNTIF(E18:DK18,"Half Day")*0.5) -> 11.5 | JG18: =COUNTIF($E18:$DK18,"Absent")+(COUNTIF($E18:$DK18,"P(Half Day)")*0.5) -> 19
A19: 18 | C19: Hisham | D19: MERN | E19: Absent | F19: Absent | G19: Present | H19: Absent | I19: Present | J19: Present | K19: Present | L19: Present | M19: Absent | N19: Present | O19: Absent | P19: Present | Q19: Absent | R19: Present | S19: Absent | T19: Absent | U19: Present | V19: Present | W19: Present | X19: Present | Y19: Absent | Z19: Present | AA19: Present | AB19: Present | AC19: Present | AD19: Present | AE19: Absent | AF19: Absent | AG19: Present | AH19: Absent | AI19: Present | AJ19: Present | JF19: =COUNTIF(E19:DK19,"Present")+(COUNTIF(E19:DK19,"Half Day")*0.5) -> 20 | JG19: =COUNTIF($E19:$DK19,"Absent")+(COUNTIF($E19:$DK19,"P(Half Day)")*0.5) -> 12
C20: Jumana | D20: MERN | Y20: Present | Z20: Present | AA20: Present | AB20: Present | AC20: Present | AD20: Absent | AE20: Present | AF20: Present | AG20: Present | AH20: Present | AI20: Present | AJ20: Present
C21: M. Azad | D21: MERN | Y21: Present | Z21: Present | AA21: Present | AB21: Present | AC21: Present | AD21: Present | AE21: Present | AF21: Present | AG21: Present | AH21: Present | AI21: Present | AJ21: Present
C22: M Shameem | D22: MERN | Y22: Present | Z22: Present | AA22: Present | AB22: Present | AC22: Present | AD22: Present | AE22: Present | AF22: Present | AG22: Present | AH22: Present | AI22: Present | AJ22: Present
A23: 19 | B23: Anandu | C23: M. Irfan K | D23: Python React | E23: Present | F23: Present | G23: Present | H23: Present | I23: Absent | J23: Present | K23: Present | L23: Present | M23: Present | N23: Present | O23: Absent | P23: Absent | Q23: Absent | R23: Present | S23: Present | T23: Present | U23: Present | V23: Present | W23: Present | X23: Absent | Y23: Absent | Z23: Absent | AA23: Absent | JF23: =COUNTIF(E23:DK23,"Present")+(COUNTIF(E23:DK23,"Half Day")*0.5) -> 15 | JG23: =COUNTIF($E23:$DK23,"Absent")+(COUNTIF($E23:$DK23,"P(Half Day)")*0.5) -> 8
A24: 20 | C24: M. Ajmal CP | D24: Python React | E24: Absent | F24: Absent | G24: Absent | H24: Absent | I24: Absent | J24: Present | K24: Present | L24: Present | M24: Present | N24: Half Day | O24: Absent | P24: Absent | Q24: Present | R24: Present | S24: Present | T24: Present | U24: Present | V24: Present | W24: Absent | X24: Absent | Y24: Absent | Z24: Absent | AA24: Present | JF24: =COUNTIF(E24:DK24,"Present")+(COUNTIF(E24:DK24,"Half Day")*0.5) -> 11.5 | JG24: =COUNTIF($E24:$DK24,"Absent")+(COUNTIF($E24:$DK24,"P(Half Day)")*0.5) -> 11
A25: 21 | C25: M. Rameesh KP | D25: Python React | E25: Absent | F25: Absent | G25: Present | H25: Present | I25: Present | J25: Present | K25: Present | L25: Present | M25: Absent | N25: Absent | O25: Present | P25: Present | Q25: Present | R25: Present | S25: Absent | T25: Present | U25: Present | V25: Half Day | W25: Half Day | X25: Half Day | Y25: Present | Z25: Present | AA25: Present | JF25: =COUNTIF(E25:DK25,"Present")+(COUNTIF(E25:DK25,"Half Day")*0.5) -> 16.5 | JG25: =COUNTIF($E25:$DK25,"Absent")+(COUNTIF($E25:$DK25,"P(Half Day)")*0.5) -> 5
A26: 22 | C26: M. Irfan H | D26: Python React | E26: Present | F26: Absent | G26: Present | H26: Present | I26: Present | J26: Present | K26: Present | L26: Present | M26: Absent | N26: Present | O26: Present | P26: Present | Q26: Present | R26: Present | S26: Absent | T26: Present | U26: Present | V26: Half Day | W26: Half Day | X26: Half Day | Y26: Present | Z26: Present | AA26: Present | JF26: =COUNTIF(E26:DK26,"Present")+(COUNTIF(E26:DK26,"Half Day")*0.5) -> 18.5 | JG26: =COUNTIF($E26:$DK26,"Absent")+(COUNTIF($E26:$DK26,"P(Half Day)")*0.5) -> 3
A27: 23 | C27: Abu Hashim | D27: Python React | E27: Absent | F27: Absent | G27: Absent | H27: Absent | I27: Absent | J27: Absent | K27: Absent | L27: Absent | M27: Absent | N27: Absent | O27: Absent | P27: Absent | Q27: Absent | R27: Absent | S27: Absent | T27: Absent | U27: Absent | V27: Absent | W27: Absent | X27: Absent | Y27: Absent | Z27: Absent | AA27: Absent | JF27: =COUNTIF(E27:DK27,"Present")+(COUNTIF(E27:DK27,"Half Day")*0.5) -> 0 | JG27: =COUNTIF($E27:$DK27,"Absent")+(COUNTIF($E27:$DK27,"P(Half Day)")*0.5) -> 23
A28: 24 | C28: Nihal Roshan | D28: Python React | E28: Half Day | F28: Half Day | G28: Absent | H28: Absent | I28: Absent | J28: Absent | K28: Absent | L28: Present | M28: Present | N28: Present | O28: Absent | P28: Absent | Q28: Absent | R28: Present | S28: Absent | T28: Present | U28: Present | V28: Present | W28: Present | X28: Absent | Y28: Absent | Z28: Present | AA28: Present | JF28: =COUNTIF(E28:DK28,"Present")+(COUNTIF(E28:DK28,"Half Day")*0.5) -> 11 | JG28: =COUNTIF($E28:$DK28,"Absent")+(COUNTIF($E28:$DK28,"P(Half Day)")*0.5) -> 11
A29: 25 | B29: Vishnu | C29: Abdul Sabith SB | D29: Python React | E29: Half Day | F29: Half Day | G29: Absent | H29: Absent | I29: Absent | J29: Absent | K29: Half Day | L29: Absent | M29: Half Day | N29: Present | O29: Absent | P29: Absent | Q29: Absent | R29: Absent | S29: Absent | T29: Present | U29: Present | V29: Absent | W29: Absent | X29: Present | Y29: Absent | Z29: Absent | AA29: Absent | AB29: Absent | AC29: Absent | AD29: Absent | JF29: =COUNTIF(E29:DK29,"Present")+(COUNTIF(E29:DK29,"Half Day")*0.5) -> 6 | JG29: =COUNTIF($E29:$DK29,"Absent")+(COUNTIF($E29:$DK29,"P(Half Day)")*0.5) -> 18
A30: 26 | C30: Jabir Ali | D30: Python React | E30: Absent | F30: Absent | G30: Absent | H30: Absent | I30: Absent | J30: Present | K30: Present | L30: Absent | M30: Absent | N30: Absent | O30: Absent | P30: Absent | Q30: Absent | R30: Present | S30: Present | T30: Absent | U30: Absent | V30: Absent | W30: Absent | X30: Absent | Y30: Absent | Z30: Absent | AA30: Present | AB30: Present | AC30: Present | AD30: Present | JF30: =COUNTIF(E30:DK30,"Present")+(COUNTIF(E30:DK30,"Half Day")*0.5) -> 8 | JG30: =COUNTIF($E30:$DK30,"Absent")+(COUNTIF($E30:$DK30,"P(Half Day)")*0.5) -> 18
A31: 27 | C31: M. Jamshid | D31: Python React | E31: Present | F31: Half Day | G31: Absent | H31: Absent | I31: Absent | J31: Absent | K31: Half Day | L31: Half Day | M31: Present | N31: Present | O31: Present | P31: Present | Q31: Absent | R31: Absent | S31: Absent | T31: Absent | U31: Present | V31: Absent | W31: Absent | X31: Absent | Y31: Present | Z31: Present | AA31: Present | AB31: Absent | AC31: Absent | AD31: Absent | JF31: =COUNTIF(E31:DK31,"Present")+(COUNTIF(E31:DK31,"Half Day")*0.5) -> 10.5 | JG31: =COUNTIF($E31:$DK31,"Absent")+(COUNTIF($E31:$DK31,"P(Half Day)")*0.5) -> 14
A32: 28 | C32: M. Shabeeb | D32: Python Next | E32: Absent | F32: Present | G32: Present | H32: Present | I32: Present | J32: Present | K32: Present | L32: Present | M32: Present | N32: Present | O32: Present | P32: Present | Q32: Present | R32: Present | S32: Present | T32: Present | U32: Present | V32: Present | W32: Absent | X32: Present | Y32: Present | Z32: Present | AA32: Present | AB32: Present | AC32: Present | AD32: Present | JF32: =COUNTIF(E32:DK32,"Present")+(COUNTIF(E32:DK32,"Half Day")*0.5) -> 24 | JG32: =COUNTIF($E32:$DK32,"Absent")+(COUNTIF($E32:$DK32,"P(Half Day)")*0.5) -> 2
A33: 29 | C33: M. Muaad | D33: Python React | E33: Present | F33: Present | G33: Present | H33: Present | I33: Present | J33: Present | K33: Present | L33: Present | M33: Present | N33: Present | O33: Present | P33: Present | Q33: Present | R33: Present | S33: Present | T33: Present | U33: Present | V33: Present | W33: Absent | X33: Present | Y33: Present | Z33: Present | AA33: Present | AB33: Present | AC33: Present | AD33: Present | JF33: =COUNTIF(E33:DK33,"Present")+(COUNTIF(E33:DK33,"Half Day")*0.5) -> 25 | JG33: =COUNTIF($E33:$DK33,"Absent")+(COUNTIF($E33:$DK33,"P(Half Day)")*0.5) -> 1
A34: 30 | B34: Aswin PP | C34: Muhammed Rashid T | D34: Python React | E34: Present | F34: Absent | G34: Absent | H34: Present | I34: Absent | J34: Absent | K34: Present | L34: Present | M34: Present | N34: Absent | O34: Absent | P34: Absent | Q34: Absent | R34: Absent | S34: Absent | T34: Absent | U34: Absent | V34: Absent | W34: Absent | X34: Absent | Y34: Absent | Z34: Absent | AA34: Absent | AB34: Absent | AC34: Absent | AD34: Absent | AE34: Absent | AF34: Absent | JF34: =COUNTIF(E34:DK34,"Present")+(COUNTIF(E34:DK34,"Half Day")*0.5) -> 5 | JG34: =COUNTIF($E34:$DK34,"Absent")+(COUNTIF($E34:$DK34,"P(Half Day)")*0.5) -> 23
A35: 31 | C35: M Shameel | D35: Python React | E35: Absent | F35: Absent | G35: Absent | H35: Present | I35: Half Day | J35: Absent | K35: Absent | L35: Present | M35: Present | N35: Absent | O35: Absent | P35: Absent | Q35: Absent | R35: Absent | S35: Absent | T35: Absent | U35: Absent | V35: Absent | W35: Absent | X35: Absent | Y35: Absent | AA35: Absent | AB35: Present | JF35: =COUNTIF(E35:DK35,"Present")+(COUNTIF(E35:DK35,"Half Day")*0.5) -> 4.5 | JG35: =COUNTIF($E35:$DK35,"Absent")+(COUNTIF($E35:$DK35,"P(Half Day)")*0.5) -> 18
A36: 32 | C36: M. Shamil TK | D36: Python React | E36: Present | F36: Present | G36: Present | H36: Present | I36: Present | J36: Half Day | K36: Present | L36: Absent | M36: Absent | N36: Present | O36: Absent | P36: Present | Q36: Present | R36: Present | S36: Present | T36: Present | U36: Present | V36: Present | W36: Present | X36: Present | Y36: Present | Z36: Present | AA36: Present | AB36: Present | AC36: Present | AD36: Present | AE36: Present | AF36: Present | AG36: Present | JF36: =COUNTIF(E36:DK36,"Present")+(COUNTIF(E36:DK36,"Half Day")*0.5) -> 25.5 | JG36: =COUNTIF($E36:$DK36,"Absent")+(COUNTIF($E36:$DK36,"P(Half Day)")*0.5) -> 3
A37: 33 | C37: Muhammed Unais K | D37: Python React | JF37: =COUNTIF(E37:DK37,"Present")+(COUNTIF(E37:DK37,"Half Day")*0.5) -> 0 | JG37: =COUNTIF($E37:$DK37,"Absent")+(COUNTIF($E37:$DK37,"P(Half Day)")*0.5) -> 0
A38: 34 | C38: Shiyas Ahmad | D38: Python React | E38: Present | F38: Present | G38: Present | H38: Present | I38: Present | J38: Present | K38: Present | L38: Present | M38: Present | N38: Present | O38: Present | P38: Present | Q38: Present | R38: Absent | S38: Absent | T38: Absent | U38: Absent | V38: Absent | W38: Absent | X38: Absent | Y38: Present | Z38: Present | AA38: Present | AB38: Present | AC38: Present | AD38: Absent | AE38: Present | AF38: Present | AG38: Present | JF38: =COUNTIF(E38:DK38,"Present")+(COUNTIF(E38:DK38,"Half Day")*0.5) -> 21 | JG38: =COUNTIF($E38:$DK38,"Absent")+(COUNTIF($E38:$DK38,"P(Half Day)")*0.5) -> 8
C39: Rabeehath V | D39: Python React | O39: Present | P39: Present | Q39: Present | R39: Present | S39: Present | T39: Present | U39: Present | V39: Present | W39: Present | X39: Present | Y39: Present | Z39: Present | AA39: Present | AB39: Present | AC39: Present | AD39: Present | AE39: Absent | AF39: Present | AG39: Present | JF39: =COUNTIF(E39:DK39,"Present")+(COUNTIF(E39:DK39,"Half Day")*0.5) -> 18 | JG39: =COUNTIF($E39:$DK39,"Absent")+(COUNTIF($E39:$DK39,"P(Half Day)")*0.5) -> 1
C40: M. Nihal CP | D40: Python React | AC40: Present | AD40: Present | AE40: Present | AF40: Present | AG40: Present
C41: Afeef Ahammed VV | D41: Python React | AC41: Present | AD41: Present | AE41: Present | AF41: Present | AG41: Present
A42: 35 | B42: Abin Raj | C42: Fidha Jebin | D42: Python React | E42: Present | F42: Present | G42: Present | H42: Present | I42: Present | J42: Present | K42: Present | L42: Present | M42: Present | N42: Absent | O42: Absent | P42: Present | Q42: Absent | R42: Present | S42: Present | T42: Absent | U42: Absent | V42: Absent | W42: Half Day | X42: Absent | Y42: Present | Z42: Present | AA42: Present | AB42: Present | AC42: Absent | AD42: Present | AE42: Present | AF42: Absent | AG42: Present | AH42: Present | AI42: Absent | AJ42: Absent | AO42: Absent | AP42: Present | JF42: =COUNTIF(E42:DK42,"Present")+(COUNTIF(E42:DK42,"Half Day")*0.5) -> 21.5 | JG42: =COUNTIF($E42:$DK42,"Absent")+(COUNTIF($E42:$DK42,"P(Half Day)")*0.5) -> 12
A43: 36 | C43: Ameesha | D43: Python React | E43: Half Day | F43: Present | G43: Absent | H43: Present | I43: Absent | J43: Absent | K43: Absent | L43: Absent | M43: Absent | N43: Absent | O43: Absent | P43: Absent | Q43: Absent | R43: Absent | S43: Absent | T43: Absent | U43: Absent | V43: Half Day | W43: Absent | X43: Absent | Y43: Present | Z43: Present | AA43: Present | AB43: Absent | AC43: Absent | AD43: Absent | AE43: Absent | AF43: Present | AG43: Absent | AH43: Absent | AI43: Absent | AJ43: Absent | JF43: =COUNTIF(E43:DK43,"Present")+(COUNTIF(E43:DK43,"Half Day")*0.5) -> 7 | JG43: =COUNTIF($E43:$DK43,"Absent")+(COUNTIF($E43:$DK43,"P(Half Day)")*0.5) -> 24
A44: 37 | C44: M. Nihal | D44: Python React | E44: Absent | F44: Absent | G44: Absent | H44: Present | I44: Absent | J44: Present | K44: Absent | L44: Absent | M44: Present | N44: Absent | O44: Absent | P44: Absent | Q44: Absent | R44: Absent | S44: Absent | T44: Present | U44: Absent | V44: Present | JF44: =COUNTIF(E44:DK44,"Present")+(COUNTIF(E44:DK44,"Half Day")*0.5) -> 5 | JG44: =COUNTIF($E44:$DK44,"Absent")+(COUNTIF($E44:$DK44,"P(Half Day)")*0.5) -> 13
A45: 38 | C45: Raneed | D45: Python React | E45: Absent | F45: Absent | G45: Absent | H45: Present | I45: Present | J45: Present | K45: Present | L45: Present | M45: Present | N45: Absent | O45: Absent | P45: Present | Q45: Present | R45: Present | S45: Present | T45: Present | U45: Present | V45: Present | W45: Present | X45: Present | Y45: Absent | Z45: Absent | AA45: Present | AB45: Present | AC45: Present | AD45: Present | AE45: Present | AF45: Present | AG45: Present | AH45: Absent | AI45: Present | AJ45: Present | AO45: Absent | AP45: Absent | JF45: =COUNTIF(E45:DK45,"Present")+(COUNTIF(E45:DK45,"Half Day")*0.5) -> 24 | JG45: =COUNTIF($E45:$DK45,"Absent")+(COUNTIF($E45:$DK45,"P(Half Day)")*0.5) -> 10
A46: 39 | C46: Sajeer Fasil | D46: Python React | E46: Present | F46: Absent | G46: Present | H46: Present | I46: Present | J46: Absent | K46: Absent | L46: Present | M46: Half Day | N46: Absent | O46: Absent | P46: Present | Q46: Present | R46: Present | S46: Absent | T46: Present | U46: Present | V46: Present | W46: Present | X46: Present | Y46: Absent | Z46: Absent | AA46: Present | AB46: Present | AC46: Present | AD46: Absent | AE46: Absent | AF46: Half Day | AG46: Present | AH46: Absent | AI46: Absent | AJ46: Present | AO46: Absent | AP46: Present | JF46: =COUNTIF(E46:DK46,"Present")+(COUNTIF(E46:DK46,"Half Day")*0.5) -> 20 | JG46: =COUNTIF($E46:$DK46,"Absent")+(COUNTIF($E46:$DK46,"P(Half Day)")*0.5) -> 13
C47: Jinsila | D47: Python Next js | T47: Present | U47: Present | V47: Present | W47: Present | X47: Present | Y47: Present | Z47: Present | AA47: Present | AB47: Present | AC47: Half Day | AD47: Absent | AE47: Present | AF47: Present | AG47: Present | AH47: Present | AI47: Present | AJ47: Present | AO47: Present | AP47: Present | JF47: =COUNTIF(E47:DK47,"Present")+(COUNTIF(E47:DK47,"Half Day")*0.5) -> 17.5 | JG47: =COUNTIF($E47:$DK47,"Absent")+(COUNTIF($E47:$DK47,"P(Half Day)")*0.5) -> 1
C48: M Nabhan | D48: PythonDjango-React | T48: Present | U48: Present | V48: Present | W48: Present | X48: Present | Y48: Present | Z48: Present | AA48: Present | AB48: Present | AC48: Present | AD48: Present | AE48: Present | AF48: Present | AG48: Present | AH48: Present | AI48: Present | AJ48: Present | AO48: Absent | AP48: Present | JF48: =COUNTIF(E48:DK48,"Present")+(COUNTIF(E48:DK48,"Half Day")*0.5) -> 18 | JG48: =COUNTIF($E48:$DK48,"Absent")+(COUNTIF($E48:$DK48,"P(Half Day)")*0.5) -> 1
C49: M. Sinan M | D49: Python Next js | T49: Present | U49: Present | V49: Absent | W49: Present | X49: Present | Y49: Absent | Z49: Present | AA49: Present | AB49: Present | AC49: Present | AD49: Present | AE49: Present | AF49: Present | AG49: Present | AH49: Present | AI49: Present | AJ49: Present | AO49: Absent | AP49: Present | JF49: =COUNTIF(E49:DK49,"Present")+(COUNTIF(E49:DK49,"Half Day")*0.5) -> 16 | JG49: =COUNTIF($E49:$DK49,"Absent")+(COUNTIF($E49:$DK49,"P(Half Day)")*0.5) -> 3
A50: 40 | B50: Jan Sabith | C50: Ashil | D50: Python React | E50: Absent | F50: Present | G50: Absent | H50: Present | I50: Present | J50: Absent | K50: Present | L50: Present | M50: Present | N50: Absent | O50: Absent | P50: Present | Q50: Present | R50: Present | S50: Present | T50: Present | U50: Present | V50: Half Day | W50: Half Day | X50: Absent | Y50: Absent | Z50: Absent | AA50: Present | AB50: Present | AC50: Present | AD50: Present | AE50: Present | AF50: Absent | AG50: Present | JF50: =COUNTIF(E50:DK50,"Present")+(COUNTIF(E50:DK50,"Half Day")*0.5) -> 19 | JG50: =COUNTIF($E50:$DK50,"Absent")+(COUNTIF($E50:$DK50,"P(Half Day)")*0.5) -> 9
A51: 41 | C51: Nabla Paleri | D51: Python React | E51: Absent | F51: Absent | G51: Absent | H51: Absent | I51: Absent | J51: Absent | K51: Absent | L51: Absent | M51: Absent | N51: Absent | O51: Absent | P51: Absent | Q51: Absent | R51: Absent | S51: Present | T51: Absent | U51: Absent | V51: Absent | W51: Absent | X51: Absent | Y51: Absent | Z51: Absent | AA51: Absent | AB51: Absent | AC51: Absent | AD51: Absent | AE51: Absent | AF51: Absent | AG51: Absent | AH51: Absent | AI51: Absent | AJ51: Absent | AK51: Absent | AL51: Absent | JF51: =COUNTIF(E51:DK51,"Present")+(COUNTIF(E51:DK51,"Half Day")*0.5) -> 1 | JG51: =COUNTIF($E51:$DK51,"Absent")+(COUNTIF($E51:$DK51,"P(Half Day)")*0.5) -> 33
A52: 42 | C52: Fadhil | D52: Python React | JF52: =COUNTIF(E52:DK52,"Present")+(COUNTIF(E52:DK52,"Half Day")*0.5) -> 0 | JG52: =COUNTIF($E52:$DK52,"Absent")+(COUNTIF($E52:$DK52,"P(Half Day)")*0.5) -> 0
A53: 43 | C53: Nidhal Muhammad PC | D53: Python React | E53: Present | F53: Present | G53: Present | H53: Present | I53: Half Day | J53: Present | K53: Present | L53: Present | M53: Present | N53: Present | O53: Absent | P53: Present | Q53: Present | R53: Present | S53: Present | T53: Absent | U53: Present | V53: Present | W53: Present | X53: Present | Y53: Absent | Z53: Present | AA53: Present | AB53: Present | AC53: Present | AD53: Present | AE53: Present | AF53: Present | AG53: Present | JF53: =COUNTIF(E53:DK53,"Present")+(COUNTIF(E53:DK53,"Half Day")*0.5) -> 25.5 | JG53: =COUNTIF($E53:$DK53,"Absent")+(COUNTIF($E53:$DK53,"P(Half Day)")*0.5) -> 3
A54: 44 | C54: Ameera K | D54: Python React | E54: Absent | F54: Absent | G54: Absent | H54: Absent | I54: Absent | J54: Absent | K54: Absent | L54: Absent | M54: Absent | N54: Absent | O54: Absent | P54: Absent | Q54: Absent | R54: Absent | S54: Absent | T54: Absent | U54: Absent | V54: Absent | W54: Absent | X54: Absent | Y54: Present | Z54: Absent | AA54: Absent | AB54: Absent | AC54: Absent | AD54: Absent | AE54: Absent | AF54: Absent | AG54: Absent | JF54: =COUNTIF(E54:DK54,"Present")+(COUNTIF(E54:DK54,"Half Day")*0.5) -> 1 | JG54: =COUNTIF($E54:$DK54,"Absent")+(COUNTIF($E54:$DK54,"P(Half Day)")*0.5) -> 28
C55: Danial Darvash | D55: MERN | AE55: Present | AF55: Present | AG55: Present
C56: Shehin | D56: Python React
A57: 45 | B57: Shameem | C57: Muhammed Shahid | D57: Python Flutter | E57: Present | F57: Present | G57: Present | H57: Present | I57: Present | J57: Absent | K57: Present | L57: Present | M57: Present | N57: Present | O57: Absent | P57: Present | Q57: Present | R57: Present | S57: Present | T57: Present | U57: Present | V57: Present | W57: Present | X57: Present | Y57: Present | Z57: Present | AA57: Present | AB57: Absent | AC57: Absent | AD57: Present | AE57: Present | AF57: Present | AG57: Present | AH57: Present | AI57: Present | AJ57: Present | AK57: Present | AL57: Absent | AM57: Present | JF57: =COUNTIF(E57:DK57,"Present")+(COUNTIF(E57:DK57,"Half Day")*0.5) -> 30 | JG57: =COUNTIF($E57:$DK57,"Absent")+(COUNTIF($E57:$DK57,"P(Half Day)")*0.5) -> 5
A58: 46 | B58: Shameem | C58: Muhammed Munaver V P | D58: Python Flutter | E58: Present | F58: Present | G58: Present | H58: Absent | I58: Present | J58: Present | K58: Present | L58: Present | M58: Present | N58: Absent | O58: Present | P58: Present | Q58: Present | R58: Present | S58: Present | T58: Present | U58: Present | V58: Present | W58: Present | X58: Present | Y58: Absent | Z58: Present | AA58: Present | AB58: Present | AC58: Absent | AD58: Present | AE58: Present | JF58: =COUNTIF(E58:DK58,"Present")+(COUNTIF(E58:DK58,"Half Day")*0.5) -> 23 | JG58: =COUNTIF($E58:$DK58,"Absent")+(COUNTIF($E58:$DK58,"P(Half Day)")*0.5) -> 4
A59: 47 | B59: Shameem | C59: Hudha Reema | D59: Python Flutter | E59: Present | F59: Present | G59: Present | H59: Present | I59: Present | J59: Absent | K59: Absent | L59: Present | M59: Present | N59: Present | O59: Absent | P59: Present | Q59: Present | R59: Present | S59: Present | T59: Present | U59: Present | V59: Present | W59: Present | X59: Present | Y59: Present | Z59: Present | AA59: Present | AB59: Absent | AC59: Absent | AD59: Present | AE59: Present | AF59: Present | AG59: Present | AH59: Present | AI59: Present | AJ59: Present | AK59: Present | AL59: Absent | AM59: Absent | JF59: =COUNTIF(E59:DK59,"Present")+(COUNTIF(E59:DK59,"Half Day")*0.5) -> 28 | JG59: =COUNTIF($E59:$DK59,"Absent")+(COUNTIF($E59:$DK59,"P(Half Day)")*0.5) -> 7
A60: 48 | B60: Shameem | C60: M. Anas | D60: Python Flutter | E60: Absent | F60: Absent | G60: Present | H60: Present | I60: Absent | J60: Absent | K60: Absent | L60: Absent | M60: Absent | N60: Absent | O60: Absent | P60: Absent | Q60: Absent | R60: Absent | S60: Absent | T60: Absent | U60: Absent | V60: Absent | W60: Absent | X60: Absent | Y60: Absent | Z60: Absent | AA60: Absent | AB60: Absent | AC60: Absent | AD60: Absent | AE60: Absent | AF60: Absent | AG60: Absent | AH60: Absent | AI60: Absent | AJ60: Absent | AK60: Absent | AL60: Absent | AM60: Absent | JF60: =COUNTIF(E60:DK60,"Present")+(COUNTIF(E60:DK60,"Half Day")*0.5) -> 2 | JG60: =COUNTIF($E60:$DK60,"Absent")+(COUNTIF($E60:$DK60,"P(Half Day)")*0.5) -> 33
A61: 49 | B61: Shameem | C61: M.Shebil | D61: Python Flutter | E61: Present | F61: Present | G61: Absent | H61: Absent | I61: Absent | J61: Present | K61: Present | L61: Present | M61: Absent | N61: Absent | O61: Absent | P61: Present | Q61: Present | R61: Present | S61: Absent | T61: Present | U61: Present | V61: Absent | W61: Absent | X61: Absent | Y61: Absent | Z61: Absent | AA61: Absent | AB61: Absent | AC61: Absent | AD61: Present | AE61: Present | AF61: Absent | AG61: Present | AH61: Absent | AI61: Present | AJ61: Present | AK61: Absent | AL61: Absent | JF61: =COUNTIF(E61:DK61,"Present")+(COUNTIF(E61:DK61,"Half Day")*0.5) -> 15 | JG61: =COUNTIF($E61:$DK61,"Absent")+(COUNTIF($E61:$DK61,"P(Half Day)")*0.5) -> 19
A62: 50 | B62: Aswin KP | C62: Suhail | D62: Python | E62: Present | F62: Present | G62: Present | H62: Present | I62: Present | J62: Absent | K62: Absent | L62: Absent | M62: Absent | N62: Absent | O62: Present | P62: Present | Q62: Present | R62: Present | S62: Present | T62: Present | U62: Present | V62: Present | W62: Present | X62: Present | Y62: Present | Z62: Present | AA62: Present | AB62: Present | JF62: =COUNTIF(E62:DK62,"Present")+(COUNTIF(E62:DK62,"Half Day")*0.5) -> 19 | JG62: =COUNTIF($E62:$DK62,"Absent")+(COUNTIF($E62:$DK62,"P(Half Day)")*0.5) -> 5
A63: 51 | B63: Aswin KP | C63: Safwan | D63: Python | E63: Present | F63: Present | G63: Present | H63: Present | I63: Present | J63: Present | K63: Present | L63: Present | M63: Present | N63: Present | O63: Present | P63: Present | Q63: Present | R63: Present | S63: Present | T63: Present | U63: Present | V63: Present | W63: Present | X63: Present | Y63: Present | Z63: Present | AA63: Absent | AB63: Present | JF63: =COUNTIF(E63:DK63,"Present")+(COUNTIF(E63:DK63,"Half Day")*0.5) -> 23 | JG63: =COUNTIF($E63:$DK63,"Absent")+(COUNTIF($E63:$DK63,"P(Half Day)")*0.5) -> 1
A64: 52 | B64: Aswin KP | C64: M Nasif | D64: MERN | E64: Present | F64: Present | G64: Present | H64: Present | I64: Present | J64: Present | K64: Present | L64: Present | M64: Present | N64: Absent | O64: Present | P64: Present | Q64: Present | R64: Present | S64: Present | T64: Present | U64: Present | V64: Present | W64: Present | X64: Present | Y64: Present | Z64: Present | AA64: Absent | AB64: Absent | JF64: =COUNTIF(E64:DK64,"Present")+(COUNTIF(E64:DK64,"Half Day")*0.5) -> 21 | JG64: =COUNTIF($E64:$DK64,"Absent")+(COUNTIF($E64:$DK64,"P(Half Day)")*0.5) -> 3
A65: 53 | B65: Aswin KP | C65: M Sinan | D65: MERN | E65: Present | F65: Present | G65: Present | H65: Present | I65: Present | J65: Present | K65: Present | L65: Present | M65: Present | N65: Present | O65: Absent | P65: Present | Q65: Present | R65: Present | S65: Present | T65: Present | U65: Present | V65: Present | W65: Present | X65: Present | Y65: Present | Z65: Present | AA65: Present | AB65: Present | JF65: =COUNTIF(E65:DK65,"Present")+(COUNTIF(E65:DK65,"Half Day")*0.5) -> 23 | JG65: =COUNTIF($E65:$DK65,"Absent")+(COUNTIF($E65:$DK65,"P(Half Day)")*0.5) -> 1
A66: 54 | B66: Aswin KP | C66: Rifana | D66: Python Next | K66: Present | L66: Present | M66: Present | N66: Present | O66: Present | P66: Present | Q66: Present | R66: Present | S66: Present | T66: Absent | U66: Absent | V66: Absent | W66: Present | X66: Absent | Y66: Present | Z66: Present | AA66: Present | AB66: Present | JF66: =COUNTIF(E66:DK66,"Present")+(COUNTIF(E66:DK66,"Half Day")*0.5) -> 14 | JG66: =COUNTIF($E66:$DK66,"Absent")+(COUNTIF($E66:$DK66,"P(Half Day)")*0.5) -> 4
C67: F. Minha | D67: Python Next | JF67: =COUNTIF(E67:DK67,"Present")+(COUNTIF(E67:DK67,"Half Day")*0.5) -> 0 | JG67: =COUNTIF($E67:$DK67,"Absent")+(COUNTIF($E67:$DK67,"P(Half Day)")*0.5) -> 0
JF68: =COUNTIF(E68:DK68,"Present")+(COUNTIF(E68:DK68,"Half Day")*0.5) -> 0 | JG68: =COUNTIF($E68:$DK68,"Absent")+(COUNTIF($E68:$DK68,"P(Half Day)")*0.5) -> 0
JF69: =COUNTIF(E69:DK69,"Present")+(COUNTIF(E69:DK69,"Half Day")*0.5) -> 0 | JG69: =COUNTIF($E69:$DK69,"Absent")+(COUNTIF($E69:$DK69,"P(Half Day)")*0.5) -> 0
JF70: =COUNTIF(E70:DK70,"Present")+(COUNTIF(E70:DK70,"Half Day")*0.5) -> 0 | JG70: =COUNTIF($E70:$DK70,"Absent")+(COUNTIF($E70:$DK70,"P(Half Day)")*0.5) -> 0
JF71: =COUNTIF(E71:DK71,"Present")+(COUNTIF(E71:DK71,"Half Day")*0.5) -> 0 | JG71: =COUNTIF($E71:$DK71,"Absent")+(COUNTIF($E71:$DK71,"P(Half Day)")*0.5) -> 0
JF72: =COUNTIF(E72:DK72,"Present")+(COUNTIF(E72:DK72,"Half Day")*0.5) -> 0 | JG72: =COUNTIF($E72:$DK72,"Absent")+(COUNTIF($E72:$DK72,"P(Half Day)")*0.5) -> 0
JF73: =COUNTIF(E73:DK73,"Present")+(COUNTIF(E73:DK73,"Half Day")*0.5) -> 0 | JG73: =COUNTIF($E73:$DK73,"Absent")+(COUNTIF($E73:$DK73,"P(Half Day)")*0.5) -> 0
JF74: =COUNTIF(E74:DK74,"Present")+(COUNTIF(E74:DK74,"Half Day")*0.5) -> 0 | JG74: =COUNTIF($E74:$DK74,"Absent")+(COUNTIF($E74:$DK74,"P(Half Day)")*0.5) -> 0
JF75: =COUNTIF(E75:DK75,"Present")+(COUNTIF(E75:DK75,"Half Day")*0.5) -> 0 | JG75: =COUNTIF($E75:$DK75,"Absent")+(COUNTIF($E75:$DK75,"P(Half Day)")*0.5) -> 0
JF76: =COUNTIF(E76:DK76,"Present")+(COUNTIF(E76:DK76,"Half Day")*0.5) -> 0 | JG76: =COUNTIF($E76:$DK76,"Absent")+(COUNTIF($E76:$DK76,"P(Half Day)")*0.5) -> 0
JF77: =COUNTIF(E77:DK77,"Present")+(COUNTIF(E77:DK77,"Half Day")*0.5) -> 0 | JG77: =COUNTIF($E77:$DK77,"Absent")+(COUNTIF($E77:$DK77,"P(Half Day)")*0.5) -> 0
JF78: =COUNTIF(E78:DK78,"Present")+(COUNTIF(E78:DK78,"Half Day")*0.5) -> 0 | JG78: =COUNTIF($E78:$DK78,"Absent")+(COUNTIF($E78:$DK78,"P(Half Day)")*0.5) -> 0
JF79: =COUNTIF(E79:DK79,"Present")+(COUNTIF(E79:DK79,"Half Day")*0.5) -> 0 | JG79: =COUNTIF($E79:$DK79,"Absent")+(COUNTIF($E79:$DK79,"P(Half Day)")*0.5) -> 0
... JF455: =COUNTIF(E455:DK455,"Present")+(COUNTIF(E455:DK455,"Half Day")*0.5) -> 0 | JG455: =COUNTIF($E455:$DK455,"Absent")+(COUNTIF($E455:$DK455,"P(Half Day)")*0.5) -> 0
JG456: =COUNTIF($E456:$DK456,"Absent")+(COUNTIF($E456:$DK456,"P(Half Day)")*0.5) -> 0
JG457: =COUNTIF($E457:$DK457,"Absent")+(COUNTIF($E457:$DK457,"P(Half Day)")*0.5) -> 0
JG458: =COUNTIF($E458:$DK458,"Absent")+(COUNTIF($E458:$DK458,"P(Half Day)")*0.5) -> 0
JG459: =COUNTIF($E459:$DK459,"Absent")+(COUNTIF($E459:$DK459,"P(Half Day)")*0.5) -> 0
JG460: =COUNTIF($E460:$DK460,"Absent")+(COUNTIF($E460:$DK460,"P(Half Day)")*0.5) -> 0
JG461: =COUNTIF($E461:$DK461,"Absent")+(COUNTIF($E461:$DK461,"P(Half Day)")*0.5) -> 0
JG462: =COUNTIF($E462:$DK462,"Absent")+(COUNTIF($E462:$DK462,"P(Half Day)")*0.5) -> 0
JG463: =COUNTIF($E463:$DK463,"Absent")+(COUNTIF($E463:$DK463,"P(Half Day)")*0.5) -> 0
JG464: =COUNTIF($E464:$DK464,"Absent")+(COUNTIF($E464:$DK464,"P(Half Day)")*0.5) -> 0
JG465: =COUNTIF($E465:$DK465,"Absent")+(COUNTIF($E465:$DK465,"P(Half Day)")*0.5) -> 0
JE528: =COUNTIF($E528:$JB528,"Present")+(COUNTIF($E528:$JB528,"P(Half Day)")*0.5) -> 0
JE529: =COUNTIF($E529:$JB529,"Present")+(COUNTIF($E529:$JB529,"P(Half Day)")*0.5) -> 0
JE530: =COUNTIF($E530:$JB530,"Present")+(COUNTIF($E530:$JB530,"P(Half Day)")*0.5) -> 0
JE531: =COUNTIF($E531:$JB531,"Present")+(COUNTIF($E531:$JB531,"P(Half Day)")*0.5) -> 0
JE532: =COUNTIF($E532:$JB532,"Present")+(COUNTIF($E532:$JB532,"P(Half Day)")*0.5) -> 0
JE533: =COUNTIF($E533:$JB533,"Present")+(COUNTIF($E533:$JB533,"P(Half Day)")*0.5) -> 0
JE534: =COUNTIF($E534:$JB534,"Present")+(COUNTIF($E534:$JB534,"P(Half Day)")*0.5) -> 0
JE535: =COUNTIF($E535:$JB535,"Present")+(COUNTIF($E535:$JB535,"P(Half Day)")*0.5) -> 0
JE536: =COUNTIF($E536:$JB536,"Present")+(COUNTIF($E536:$JB536,"P(Half Day)")*0.5) -> 0
JE537: =COUNTIF($E537:$JB537,"Present")+(COUNTIF($E537:$JB537,"P(Half Day)")*0.5) -> 0
...

Sheet Current-students
A1: Staff | B1: Name | C1: Course | D1: Email | E1: Phone
A2: Abin Raj | B2: Fidha Jebin | C2: Python React | D2: fidhajebin5099@gmail.com | E2: +91 7510205099
B3: Jinsila | C3: Python Next js | D3: jinujinsila132@gmail.com | E3: +91 7592960624
B4: M Nabhan | C4: PythonDjango-React | D4: nabhannabu768@gmail.com | E4: +91 8891425450
B5: M. Sinan M | C5: Python Next js | D5: muhammedsinan7901@gmail.com | E5: +91 7736979724
B6: Raneed | C6: Python React | D6: Raneedellyas@gmail.com | E6: +91 8891573780
B7: Sajeer Fasil | C7: Python React | D7: fazilfazi2007@gmail.com | E7: +91 8891454600
A8: Ameer | B8: Abinav | C8: MERN | D8: abhinavabhi.7364@gmail.com | E8: +91 9778751070
B9: Ajmal | C9: Python Angular | D9: Ajmalajmal0665@gmail.com | E9: +91 8590966165
B10: Aswin KC | C10: MERN | D10: aswinrajcholakuzhi@gmail.com | E10: +91 7907412065
B11: Harshal | C11: MERN | D11: arshalmuhammed85@gmail.com | E11: +91 9778253529
B12: Hisham | C12: MERN | D12: muhammadhishamklpm@gmail.com | E12: +91 7012208998
B13: Jumana | C13: MERN | D13: sherinjumana298@gmail.com | E13: +91 9207340531
B14: M Shameem | C14: MERN | D14: shameemr894@gmail.com | E14: +91 8943267785
B15: M. Azad | C15: MERN | D15: muhammedazad700@gmail.com | E15: +91 8848862172
B16: M. Danish | C16: MERN | D16: danishlaice@gmail.com | E16: +91 9645849933
B17: M. Safeer | C17: MERN | D17: safeerzaid4@gmail.com | E17: +91 6235283718
B18: Nibrasul Haqu C | C18: MERN | D18: nibraz0000@gmail.com | E18: +91 7025954961
B19: Rahees PK | C19: MERN | D19: raheespkrahees802@gmail.com | E19: +91 8589857496
A20: Anandu | B20: Abu Hashim | C20: Python React
B21: M. Ajmal CP | C21: Python React | E21: +91 8921712671
B22: M. Irfan H | C22: Python React | D22: mirfanh904@gmail.com | E22: +91 9048212982
B23: M. Irfan K | C23: Python React | D23: irfanmuthu56@gmail.com | E23: +91 8086175728
B24: M. Rameesh KP | C24: Python React | D24: rameezmhmd855@gmail.com | E24: +91 9072090250
B25: Nihal Roshan | C25: Python React | D25: nihalroshanv@gmail.com | E25: +91 9645405645
A26: Aswin KP | B26: F. Minha | C26: Python Next js | D26: Fathimaaminhaa473@gmail.com | E26: +91 9947619858
B27: M Nasif | C27: MERN | D27: Nasifnishu115@gamil.com | E27: +91 9746737416
B28: M Sinan | C28: MERN | D28: svk511342@gmail.com | E28: +91 9526218118
B29: Rifana | C29: Python Next js | D29: rifanaavp@gmail.com | E29: +91 9292014016
B30: Safwan | C30: Python | D30: safvanvarappara@gmail.com | E30: +91 9847456344
A31: Aswin PP | B31: Afeef Ahammed VV | C31: Python React | D31: ahmedafeef080@gmail.com | E31: +91 8590721047
B32: M. Nihal CP | C32: Python React | D32: nihalabdulla8131@gmail.com | E32: +91 9495939823
B33: Rabeehath V | C33: Python React | D33: rabeemonu@gmail.com | E33: +91 8891909201
B34: Shiyas Ahmad | C34: Python React | D34: shiyasahmad555@gmail.com | E34: +91 7012587705
A35: Jan Sabith | B35: Ameera K | C35: Python React | D35: aymanami3006@gmail.com | E35: 9061382006
B36: Ashil | C36: Python React | D36: mohamedashilpavuthodika@gmail.com | E36: 8139853040
B37: Danial Darvash | C37: MERN | D37: danialdarvesh71@gmail.com | E37: +91 9946162710
B38: Nabla Paleri | C38: Python React
B39: Nidhal Muhammad PC | C39: Python React | D39: pcnidhal85@gmail.com | E39: 9895393902
B40: Shehin | C40: Python React | D40: shhinmohammedak@gmail.com | E40: 7736319781
A41: Vishnu | B41: Abdul Sabith SB | C41: Python React | D41: abdulsabithkwt@gamil.com | E41: +91 8921259292
B42: Jabir Ali | C42: Python React | D42: jabirt58682@gmail.com | E42: +91 7034105396
B43: M. Jamshid | C43: Python React | D43: Jamshiihereee@gmail.com | E43: +91 7356836889
B44: M. Shabeeb | C44: Python Next js | D44: muhammedshabeeb130@gmail.com | E44: +91 7025935819
A45: Saheer | B45: Faheem | C45: UI UX React | D45: faheemmaliyakkal@gmile.com
B46: fathima Hudha | C46: UI UX
B47: Fathima Juba | C47: UI UX
B48: Fathima Rafa | C48: UI UX React | D48: fathimahudakp443@gmail.com
B49: Fathima Safna | C49: UI UX React
B50: Irfan PC | C50: UI UX React
B51: Rahsha | C51: UI UX React | D51: rahshaveerankutty@gmail.com
B52: Sinan | C52: UI UX React
A53: Shameem | B53: Hudha Reema | C53: Python Flutter | D53: hudareem08@gmail.com | E53: +91 9947580106
B54: M. Anas | C54: Python Flutter
B55: M.Shebil | C55: Python Flutter
B56: Muhammed Shahid | C56: Python Flutter | D56: muhammedshahid2606@gmail.com | E56: +91 9946338355

Sheet NEW Students
A1: SI No | B1: Name | C1: Course Name | D1: Current Topic | E1: Progress | F1: Start | G1: Validity
A2: 1 | B2: Fidha Jebin | C2: PythonDjango-React | D2: Django | E2: REST | F2: 46113 | H2: V/A
A3: 2 | B3: Nidhal Muhammad PC | C3: PythonDjango-Angular | D3: Python | E3: Arguments | F3: 46132
A4: 3 | B4: Shiyas Ahmad | C4: PythonDjango-React | D4: Python | E4: File Handling | F4: 46146
A5: 4 | B5: Hudha Reema | C5: Python flutter | D5: Python | E5: data structure | F5: 46174
A6: 5 | B6: Muhammed Shahid | C6: Python flutter | D6: Python | E6: data structure | F6: 46174
A7: 6 | B7: M Sinan | C7: MERN | D7: JS | E7: Loops | F7: 46180
A8: 7 | B8: M. Shabeeb | C8: Python Next js | D8: Python | E8: Python | F8: 46188
A9: 8 | B9: Aswin KC | C9: MERN | D9: JS | E9: Array | F9: 46202
A10: 9 | B10: Abinav | C10: MERN | D10: JS | E10: Array | F10: 46202
A11: 10 | B11: Safwan | C11: PythonDjango-React | D11: Python | E11: Arguments | F11: 46209
A12: 11 | B12: M Nasif | C12: MERN | D12: JS | E12: Loops | F12: 46209
A13: 12 | B13: Suhail | C13: Python Internship | D13: Python | E13: Python | F13: 46209
A14: 13 | B14: Rifana | C14: Python Next js | D14: C programming | E14: Functions | F14: 46217
... A20: 19 | B20: Fathima Lena | C20: Data Analytics | D20: Python | E20: Operators | F20: 46232
A21: 20 | B21: M. Azad | C21: MERN | D21: C programming | F21: 46237
A22: 21 | B22: M. Shameem | C22: MERN | D22: C programming | F22: 46237
A23: 22 | B23: Afeef Ahmed | C23: Python Next js | D23: C programming | F23: 46237
A24: 23 | B24: M Nihal CP | C24: Python Next js | D24: C programming | F24: 46237
A25: 24 | B25: Jumana Sherin | C25: MERN | D25: HTML | F25: 46237
A26: 25 | B26: Danial Darvash | C26: MERN | D26: C programming | F26: 46245
A27: 26 | B27: Fathima Minha | C27: Python Next js | F27: 46251
A28: 27 | B28: M. Shehin | C28: PythonDjango-React | F28: 46251

Sheet Presentation History
A1: Std ID | B1: Name | C1: Presentation | D1: Date | E1: Status | F1: presentation no
A2: TDAM001 | B2: Ameesha | C2: Virtual Reality and Augmented Reality | F2: 1
A3: TDAM002 | B3: Rahees PK | C3: Robotics and Automation | F3: 1
A4: TDAM003 | B4: Hisham | C4: Cloud Computing and Its Benefits | D4: 46213 | E4: Done | F4: 1
A5: TDAM004 | B5: Harshal | C5: Internet of Things: Smart Devices Around Us | D5: 46216 | F5: 1
A6: TDAM005 | B6: M. Danish | C6: Artificial Intelligence in Healthcare | F6: 1
A7: TDAM006 | B7: M. Safeer | C7: Cybersecurity and Online Safety | D7: 46212 | E7: Done | F7: 1
A8: TDAM007 | B8: Nibrasul Haqu C | C8: Zustand, File Upload | D8: 46210 | E8: Done | F8: 1
A9: TDAM008 | B9: Aswin KC | C9: Blockchain Technology and Cryptocurrency | D9: 46220 | E9: Done | F9: 1 | M9: {=IFERROR(_xlfn._xlws.SORT(_xlfn.UNIQUE(_xlfn._xlws.FILTER(F:F,B:B=Dashboard.!F5))),0)} -> 1
A10: TDAM009 | B10: Abinav | C10: Machine Learning in Daily Life | D10: 46220 | E10: Done | F10: 1
A11: TDAM010 | B11: M Sinan | C11: Ethical Hacking and Penetration Testing | D11: 46220 | E11: Done | F11: 1
A12: TDAP001 | B12: M Nasif | C12: Ethical Hacking and Penetration Testing | D12: 46219 | F12: 1
A13: TDAP002 | B13: Suhail | C13: Role of Technology in Education | F13: 1
A14: TDAF001 | B14: Safwan | C14: Digital Transformation in Business | F14: 1
A15: TDAF002 | B15: Muhammed Shahid | C15: Web Development: Past, Present, and Future | F15: 1
A16: TDAF003 | B16: Hudha Reema | C16: Big Data and Data Analytics | F16: 1
A17: TDAF004 | B17: Muhammed Munaver V P | F17: 1
A18: TDAF005 | B18: M.Shebil | C18: E-Commerce and Online Payment Security | F18: 1
A19: TDAN001 | B19: M. Shabeeb | C19: Zero Trust Model | D19: 46211 | E19: Done | F19: 1
A20: TDAN002 | B20: Rifana | F20: 1
A21: TDAA001 | B21: Ajmal | C21: Artificial Intelligence in Healthcare | F21: 1
A22: TDAA002 | B22: Ameera K | C22: Green Technology and Sustainable IT | F22: 1
A23: TDAA003 | B23: Nidhal Muhammad PC | C23: Web3 | D23: 46211 | E23: Done | F23: 1
A24: TDAR001 | B24: M Shameel | C24: Smart Homes and Home Automation | D24: 46217 | F24: 1
A25: TDAR002 | B25: M. Shamil TK | C25: Drone Technology and Its Applications | F25: 1
A26: TDAR003 | B26: M. Muaad | C26: Cybercrime and How to Prevent It | D26: 46216 | E26: Done | F26: 1
A27: TDAR004 | B27: M. Nihal | C27: Wearable Technology in Daily Life | D27: 46216 | E27: Done | F27: 1
A28: TDAR005 | B28: M. Ajmal CP | C28: Social Media and Its Impact on Society | F28: 1
A29: TDAR006 | B29: M. Rameesh KP | C29: Cloud Storage vs Local Storage | F29: 1
A30: TDAR007 | B30: M. Irfan H | C30: Quantum Computing: The Next Big Revolution | F30: 1
A31: TDAR008 | B31: Sajeer Fasil | C31: Operating Systems: Windows, Linux, and macOS | F31: 1
A32: TDAR009 | B32: Raneed | C32: Internet Safety for Students | F32: 1
A33: TDAR010 | B33: Ashil | C33: Digital Marketing and Technology | D33: 46213 | E33: Done | F33: 1
A34: TDAR011 | B34: Muhammed Rashid T | C34: Technology in Agriculture | F34: 1
A35: TDAR012 | B35: M. Jamshid | C35: Smart Cities and Technology | F35: 1
A36: TDAR013 | B36: M. Irfan K | C36: Importance of IT Support in Organizations | F36: 1
A37: TDAR014 | B37: Nihal Roshan | C37: Django - Django REST framework | F37: 1
A38: TDAR015 | B38: Fadhil | C38: Deepfake Technology: Benefits and Risks | D38: 46213 | F38: 1
A39: TDAR016 | B39: Abdul Sabith SB | C39: HTML | D39: 46220 | F39: 1
A40: TDAR017 | B40: Abu Hashim | C40: Digital Banking and FinTech Innovation | F40: 1
A41: TDAR018 | B41: Nabla Paleri | C41: Biometric Authentication Systems | F41: 1
A42: TDAR019 | B42: Fidha Jebin | C42: Database Management Systems | F42: 1
A43: TDAR020 | B43: Jabir Ali | C43: Computer Networks and Their Types | F43: 1
A44: TDAR021 | B44: Shiyas Ahmad | C44: Open Source Software and Its Importance | F44: 1
A45: TDAR022 | B45: Jithin | C45: Password Security and Multi-Factor Authentication | F45: 1
A46: TDAR023 | B46: Aflah KT | C46: Role of IT in Healthcare Systems | F46: 1
A47: TDAR024 | B47: Muhammed Unais K | C47: Software Development Life Cycle | F47: 1
A48: TDAR025 | B48: M Dilshad | C48: Automation Testing in Software Development | F48: 1
A49: TDAR026 | B49: M. Anas | C49: Cloud-Based Learning Platforms | F49: 1
A50: TDAR027 | B50: Rabeehath | F50: 1
A51: TDAU001 | B51: Fathima Rafa | C51: UI/UX Design in Modern Applications | F51: 1
A52: TDAU002 | B52: Fathima Safna | C52: IT Project Management | F52: 1
A53: TDAU003 | B53: Riswa Mehfin | C53: Future of Human-Computer Interaction | F53: 1
A54: TDAU004 | B54: Faheem | C54: Future Careers in Information Technology | F54: 1
A55: TDAU005 | B55: Sinan | C55: Ethical Hacking and Penetration Testing | F55: 1
A56: TDAU006 | B56: Irfan PC | C56: Quantum Computing: The Next Big Revolution | F56: 1
A57: =IF(B57="","",_xlfn.XLOOKUP(B57,'All '!B:B,'All '!A:A,"No Found")) | F57: =IF(B57="","",COUNTIF($B$2:B57,B57))
A58: =IF(B58="","",_xlfn.XLOOKUP(B58,'All '!B:B,'All '!A:A,"No Found")) | F58: =IF(B58="","",COUNTIF($B$2:B58,B58))
A59: =IF(B59="","",_xlfn.XLOOKUP(B59,'All '!B:B,'All '!A:A,"No Found")) | F59: =IF(B59="","",COUNTIF($B$2:B59,B59))
A60: =IF(B60="","",_xlfn.XLOOKUP(B60,'All '!B:B,'All '!A:A,"No Found")) | F60: =IF(B60="","",COUNTIF($B$2:B60,B60))
A61: =IF(B61="","",_xlfn.XLOOKUP(B61,'All '!B:B,'All '!A:A,"No Found")) | F61: =IF(B61="","",COUNTIF($B$2:B61,B61))
A62: =IF(B62="","",_xlfn.XLOOKUP(B62,'All '!B:B,'All '!A:A,"No Found")) | F62: =IF(B62="","",COUNTIF($B$2:B62,B62))
A63: =IF(B63="","",_xlfn.XLOOKUP(B63,'All '!B:B,'All '!A:A,"No Found")) | F63: =IF(B63="","",COUNTIF($B$2:B63,B63))
A64: =IF(B64="","",_xlfn.XLOOKUP(B64,'All '!B:B,'All '!A:A,"No Found")) | F64: =IF(B64="","",COUNTIF($B$2:B64,B64))
A65: =IF(B65="","",_xlfn.XLOOKUP(B65,'All '!B:B,'All '!A:A,"No Found")) | F65: =IF(B65="","",COUNTIF($B$2:B65,B65))
A66: =IF(B66="","",_xlfn.XLOOKUP(B66,'All '!B:B,'All '!A:A,"No Found")) | F66: =IF(B66="","",COUNTIF($B$2:B66,B66))
A67: =IF(B67="","",_xlfn.XLOOKUP(B67,'All '!B:B,'All '!A:A,"No Found")) | F67: =IF(B67="","",COUNTIF($B$2:B67,B67))
A68: =IF(B68="","",_xlfn.XLOOKUP(B68,'All '!B:B,'All '!A:A,"No Found")) | F68: =IF(B68="","",COUNTIF($B$2:B68,B68))
... A509: =IF(B509="","",_xlfn.XLOOKUP(B509,'All '!B:B,'All '!A:A,"No Found")) | F509: =IF(B509="","",COUNTIF($B$2:B509,B509))
F510: =IF(B510="","",COUNTIF($B$2:B510,B510))
F511: =IF(B511="","",COUNTIF($B$2:B511,B511))
F512: =IF(B512="","",COUNTIF($B$2:B512,B512))

Sheet Students Review
A1: SI No | B1: Course Name | C1: Name | D1: Review Date | E1: Mark | F1: Review Date | G1: Mark | H1: Review Date | I1: Mark | J1: Review Date | K1: Mark
A2: 1 | B2: MERN | C2: Abinav | D2: 09/06 - based | E2: - | F2: 18/6 - based | G2: 5 | H2: 46206 | I2: 8 | J2: 46232 | K2: 8.8 | L2: 46246 | M2: 8
A3: 2 | B3: MERN | C3: Aswin | D3: 09/06 - based | E3: - | F3: 18/6 - based | G3: - | H3: 46206 | I3: 8 | J3: 46232 | K3: 7 | L3: 46246 | M3: 10
A4: 3 | B4: MERN | C4: Harshal | D4: 09/06 - based | E4: 6 | F4: 18/6 - based | G4: 2.5 | H4: 46216 | I4: 7.5 | J4: 46234 | K4: AB
A5: 4 | B5: MERN | C5: Hisham | D5: 09/06 - based | E5: 5 | F5: 18/6 - based | H5: 46218 | I5: AB | J5: 46233 | K5: 5
A6: 5 | B6: MERN | C6: M Nasif | D6: 09/06 - based | F6: 18/6 - based | H6: 46223 | I6: AB | J6: 46232 | K6: 6.5
A7: 6 | B7: MERN | C7: M Sinan | D7: 09/06 - based | F7: 18/6 - based | H7: 46218 | I7: 6 | J7: 46233 | K7: 7.3
A8: 7 | B8: MERN | C8: M. Danish | D8: 09/06 - based | F8: 18/6 - based | H8: 46212 | I8: 5 | J8: 46232 | K8: AB
A9: 8 | B9: MERN | C9: M. Safeer | D9: 09/06 - based | E9: 7 | F9: 18/6 - based | H9: 46218 | I9: 5 | J9: 46231 | K9: 8
A10: 9 | B10: MERN | C10: Nibrasul Haqu | D10: 09/06 - based | E10: 6 | F10: 18/6 - based | G10: 2 | J10: 46232 | K10: 7.5
A11: 10 | B11: MERN | C11: Rahees PK | D11: 09/06 - based | E11: 5 | F11: 18/6 - based
A12: 11 | B12: python | C12: Safwan | D12: 09/06 - based | E12: - | F12: 18/6 - based | H12: 46230 | I12: 8
A13: 12 | B13: python | C13: Suhail | D13: 09/06 - based | E13: - | F13: 18/6 - based | H13: 46230 | I13: 7.5
A14: 13 | B14: python flutter | C14: Ameesha | D14: 09/06 - based | E14: 5 | F14: 18/6 - based | G14: 3
A15: 14 | B15: python flutter | C15: Hudha Reem | D15: 09/06 - based | E15: 7.5 | F15: 18/6 - based | H15: 46220 | I15: 6.5 | J15: 46239
A16: 15 | B16: python flutter | C16: M Munaver | D16: 09/06 - based | E16: - | F16: 18/6 - based | H16: 46219 | I16: 5.5
A17: 16 | B17: python flutter | C17: M.Shebil | D17: 09/06 - based | E17: - | F17: 18/6 - based
A18: 17 | B18: python flutter | C18: Muhammed Shahid | D18: 09/06 - based | E18: 7 | F18: 18/6 - based | H18: 46220 | I18: 7.75 | J18: 46239
A19: 18 | B19: Python Next js | C19: M. Shabeeb | D19: 09/06 - based | E19: - | F19: 18/6 - based | G19: 7 | H19: 46220 | I19: 6.5 | J19: 46227 | K19: 8 | L19: 46247
A20: 19 | B20: PythonDjango-Angular | C20: Ajmal | D20: 09/06 - based | E20: 7 | F20: 18/6 - based | G20: RS | H20: 46218 | I20: 7
A21: 20 | B21: PythonDjango-Angular | C21: Ameera K | D21: 09/06 - based | E21: - | F21: 18/6 - based | G21: 5.5
A22: 21 | B22: PythonDjango-Angular | C22: M Nidhal | D22: 09/06 - based | E22: 4 | F22: 18/6 - based | H22: 46220 | I22: 6 | J22: 46239 | K22: 7
A23: 22 | B23: PythonDjango-React | C23: Abdul Sabith SB | D23: 09/06 - based | E23: 3.5 | F23: 18/6 - based | G23: 8.5 | H23: 46219 | I23: AB | J23: 46246 | K23: AB
A24: 23 | B24: PythonDjango-React | C24: Abu Hashim | D24: 09/06 - based | E24: 0.5 | F24: 18/6 - based
A25: 24 | B25: PythonDjango-React | C25: Aflah KT | D25: 09/06 - based | E25: - | F25: 18/6 - based
A26: 25 | B26: PythonDjango-React | C26: Anas | D26: 09/06 - based | E26: - | F26: 18/6 - based | H26: 46212
A27: 26 | B27: PythonDjango-React | C27: Ashil | D27: 09/06 - based | E27: RS | F27: 18/6 - based | G27: 6.75 | H27: 46219 | I27: 4 | J27: 46245 | K27: 1.5
A28: 27 | B28: PythonDjango-React | C28: Fadhil | D28: 09/06 - based | E28: RS | F28: 18/6 - based | H28: 46216
A29: 28 | B29: PythonDjango-React | C29: Fidha Jebin | D29: 09/06 - based | E29: 7.5 | F29: 18/6 - based | H29: 46218 | I29: 8 | J29: 46239 | K29: AB
A30: 29 | B30: PythonDjango-React | C30: Jabir Ali | D30: 09/06 - based | E30: 4 | F30: 18/6 - based | H30: 46218 | I30: AB | J30: 46245 | K30: 7
A31: 30 | B31: PythonDjango-React | C31: Jithin | D31: 09/06 - based | E31: 7 | F31: 18/6 - based | G31: 3
A32: 31 | B32: PythonDjango-React | C32: M Dilshad | D32: 09/06 - based | E32: - | F32: 18/6 - based | G32: -
A33: 32 | B33: PythonDjango-React | C33: M Shameel | D33: 09/06 - based | E33: - | F33: 18/6 - based | G33: 8 | H33: 46221
A34: 33 | B34: PythonDjango-React | C34: M. Ajmal CP | D34: 09/06 - based | E34: 4 | F34: 18/6 - based | J34: 46245 | K34: 7
A35: 34 | B35: PythonDjango-React | C35: M. Irfan H | D35: 09/06 - based | E35: 8 | F35: 18/6 - based | H35: 46238 | I35: 6.5 | J35: 46246 | K35: 8
A36: 35 | B36: PythonDjango-React | C36: M. Irfan K | D36: 09/06 - based | E36: 4 | F36: 18/6 - based | G36: 7 | H36: 46231 | I36: 7.5
A37: 36 | B37: PythonDjango-React | C37: M. Jamshid | D37: 09/06 - based | E37: RS | F37: 18/6 - based | G37: 4.5 | H37: 46224 | I37: 4
A38: 37 | B38: PythonDjango-React | C38: M. Muaad | D38: 09/06 - based | E38: 6 | F38: 18/6 - based | G38: 5 | H38: 46211 | I38: 7 | J38: 46225 | K38: 8
A39: 38 | B39: PythonDjango-React | C39: M. Nihal | D39: 09/06 - based | E39: - | F39: 18/6 - based | H39: 46231
A40: 39 | B40: PythonDjango-React | C40: M. Rameesh KP | D40: 09/06 - based | E40: 3 | F40: 18/6 - based | H40: 46238 | I40: 6
A41: 40 | B41: PythonDjango-React | C41: M. Shamil TK | D41: 09/06 - based | E41: 3 | F41: 18/6 - based | H41: 46230 | I41: 7
A42: 41 | B42: PythonDjango-React | C42: Nabla | D42: 09/06 - based | E42: 5 | F42: 18/6 - based
A43: 42 | B43: PythonDjango-React | C43: Nihal Roshan | D43: 09/06 - based | E43: 5 | F43: 18/6 - based | G43: 5 | H43: 46231 | I43: 6 | J43: 46231 | K43: 3
A44: 43 | B44: PythonDjango-React | D44: 09/06 - based | E44: - | F44: 18/6 - based | H44: 46221
A45: 44 | B45: PythonDjango-React | C45: Raneed | D45: 09/06 - based | E45: 4.5 | F45: 18/6 - based | G45: 7.5 | J45: 46245 | K45: 4
A46: 45 | B46: PythonDjango-React | C46: Sajeer Fasil | D46: 09/06 - based | E46: - | F46: 18/6 - based | G46: 5 | H46: 46216
A47: 46 | B47: PythonDjango-React | C47: Shiyas Ahmad | D47: 09/06 - based | E47: 5 | F47: 18/6 - based | G47: 9.5 | H47: 46218 | I47: 6 | J47: 46239 | K47: 7
A48: 47 | B48: PythonDjango-React | C48: Unais | D48: 09/06 - based | E48: - | F48: 18/6 - based
A49: 48 | B49: UX-React | C49: F. Safna | D49: 09/06 - based | E49: 2.3 | F49: 18/6 - based | G49: 5 | H49: 46213 | I49: 7
A50: 49 | B50: UX-React | C50: Faheem | D50: 09/06 - based | E50: 4 | F50: 18/6 - based | G50: 4.5 | H50: 46213 | I50: 8.5
A51: 50 | B51: UX-React | C51: Fathima Rafa | D51: 09/06 - based | E51: 7 | F51: 18/6 - based | G51: 7.5
A52: 51 | B52: UX-React | C52: Irfan PC | D52: 09/06 - based | E52: - | F52: 18/6 - based | H52: 46212 | I52: 7
A53: 52 | B53: UX-React | C53: Riswa Mehfin | D53: 09/06 - based | E53: 1.3 | F53: 18/6 - based | H53: 46213 | I53: 7
A54: 53 | B54: UX-React | C54: Sinan | D54: 09/06 - based | E54: - | F54: 18/6 - based | G54: 3
A55: 54 | B55: Python Next js | C55: Rifana | D55: 46226 | E55: AB | F55: 46238 | G55: 6 | J55: 46245 | K55: 7
A56: 55 | B56: PythonDjango-React | C56: Rabeehath | F56: 46227 | G56: 7
A57: 56 | B57: Python Next js | C57: Jinsila | F57: 46238
A58: 57 | B58: PythonDjango-React | C58: M Nabhan | F58: 46238 | J58: 46245 | K58: 7.5
A59: 58 | B59: Python Next js | C59: M. Sinan M | J59: 46246 | K59: 7
A60: 59 | B60: Data Analytics | C60: Akshan | F60: 46238 | J60: 46245 | K60: 7
A61: 60 | B61: Data Analytics | C61: Fathima Lena
A62: 61 | B62: MERN | C62: M. Azad
A63: 62 | B63: MERN | C63: M. Shameem
A64: 63 | B64: Python Next js | C64: Afeef Ahmed
A65: 64 | B65: Python Next js | C65: M Nihal CP
A66: 65 | B66: MERN | C66: Jumana Sherin | J66: 46247 | K66: 10

Sheet WEEK Back
A1: No | B1: Name | C1: Date | D1: Mark | E1: Date | F1: Mark | G1: Date | H1: Mark | I1: Date | J1: Mark
A2: 1 | B2: Nihal Roshan | C2: 46220 | D2: AB | E2: 46211 | F2: 6 | G2: 18/6 - based | H2: 5 | I2: 09/06 - based | J2: 5
A3: 2 | B3: M Nidhal | C3: 46220 | D3: 6 | E3: 09/06 - based | F3: 4
A4: 3 | B4: Ashil | C4: 46219 | D4: 4 | E4: 18/6 - based | F4: 6.75
A5: 4 | B5: M Sinan | C5: 46218 | D5: 6
A6: 5 | B6: M. Danish | C6: 46212 | D6: 5
A7: 6 | B7: M. Safeer | C7: 46218 | D7: 5
A8: 7 | B8: Hudha Reem | C8: 46220 | D8: 6.5
A9: 8 | B9: M. Shabeeb | C9: 46220 | D9: 6.5
A10: 9 | B10: Shiyas Ahmad | C10: 46218 | D10: 6
A11: 10 | B11: Sajeer Fasil | C11: 18/6 - based | D11: 5
A12: 11 | B12: Ameesha | C12: 18/6 - based | D12: 3
A13: 12 | B13: Nibrasul Haqu | C13: 18/6 - based | D13: 2
A14: 13 | B14: Hisham | C14: 09/06 - based | D14: 5
A15: 14 | B15: Abu Hashim | C15: 09/06 - based | D15: 0.5
A16: 15 | B16: Jabir Ali | C16: 09/06 - based | D16: 4
A17: 16 | B17: M. Ajmal CP | C17: 09/06 - based | D17: 4
A18: 17 | B18: M. Jamshid | C18: 18/6 - based | D18: 4.5
A19: 18 | B19: M. Rameesh KP | C19: 09/06 - based | D19: 3
A20: 19 | B20: M. Shamil TK | C20: 09/06 - based | D20: 3
A21: 20 | B21: Nabla | C21: 09/06 - based | D21: 5
A22: 21 | B22: Sinan | C22: 18/6 - based | D22: 3

Sheet July 30
A1: T2 - 1
A2: Name | B2: Course Name | C2: Current Topic | D2: Progress | E2: Validity | F2: Status
A3: Ajmal | B3: PythonDjango-Angular | C3: Completed | D3: Completed | E3: 46233 | F3: NOC | G3: Passed
A4: Rahees PK | B4: MERN | C4: Completed | D4: Completed | E4: 46233
A5: Hisham | B5: MERN | C5: Completed | D5: Completed | E5: 46233 | F5: NOC
A6: Harshal | B6: MERN | C6: Completed | D6: Completed | E6: 46233 | F6: NOC
A7: Fathima Rafa | B7: UX-React | C7: completed | D7: completed | E7: 46233 | F7: -
A8: F. Safna | B8: UX-React | C8: completed | D8: completed | E8: 46233 | F8: -
A9: Riswa Mehfin | B9: UX-React | C9: completed | D9: completed | E9: 46233 | F9: -
A10: Faheem | B10: UX-React | C10: completed | D10: completed | E10: 46233
A11: Sinan | B11: UX-React | C11: completed | D11: completed | E11: 46233
A12: M. Danish | B12: MERN | C12: mongodb | D12: Advanced query | E12: 46233 | F12: -
A13: M Shameel | B13: PythonDjango-React | C13: React | D13: completed | E13: 46233 | F13: NOC
A14: M. Shamil TK | B14: PythonDjango-React | C14: React | D14: completed | E14: 46233 | F14: NOC
A15: M. Muaad | B15: PythonDjango-React | C15: React | D15: completed | E15: 46233 | F15: NOC
A16: M. Nihal | B16: PythonDjango-React | C16: React | D16: completed | E16: 46233 | F16: NOC

Sheet Aug 15
A1: T3 - 1
A2: Name | B2: Course Name | C2: Current Topic | D2: Progress | E2: Validity | F2: status
A3: M. Ajmal CP | B3: PythonDjango-React | C3: react | D3: DOM | E3: 46249
A4: M. Rameesh KP | B4: PythonDjango-React | C4: react | D4: DOM | E4: 46249
A5: M. Irfan H | B5: PythonDjango-React | C5: react | D5: api f | E5: 46249
A6: M. Safeer | B6: MERN | C6: react | D6: react | E6: 46249
A7: Sajeer Fasil | B7: PythonDjango-React | C7: react | D7: router | E7: 46249
A8: Raneed | B8: PythonDjango-React | C8: react | D8: DOM | E8: 46249 | F8: NOC
A9: Ashil | B9: PythonDjango-React | C9: react | D9: DOM | E9: 46249 | F9: NOC
A10: Ameesha | B10: Flutter-Django | C10: Django | D10: Authentication | E10: 46249
A11: Nibrasul Haqu | B11: MERN | C11: React | D11: intro | E11: 46249
A12: Raashid | B12: PythonDjango-React | C12: React | D12: intro | E12: 46249
A14: M. Rameesh KP
A15: M. Irfan H
A16: Safeer
A17: Nibrasul Haqu

Sheet Aug 31
A1: T3 - 2
A2: Name | B2: Course Name | C2: Current Topic | D2: Progress | E2: Validity
A3: M. Jamshid | B3: PythonDjango-React | C3: html | D3: intro | E3: 46265
A4: M. Irfan K | B4: PythonDjango-React | C4: html | D4: intro | E4: 46265
A5: Nihal Roshan | B5: PythonDjango-React | C5: html | D5: intro | E5: 46265
A6: Fadhil | B6: PythonDjango-React | C6: html | D6: intro | E6: 46265
A7: Abdul Sabith SB | B7: PythonDjango-React | C7: html | D7: intro | E7: 46265
A8: Abu Hashim | B8: PythonDjango-React | C8: html | D8: intro | E8: 46265
A9: Nabla | B9: PythonDjango-React | C9: html | D9: intro | E9: 46265
A10: Fidha Jebin | B10: PythonDjango-React | C10: CSS | D10: start | E10: 46265
A11: Jabir Ali | B11: PythonDjango-React | C11: html | D11: intro | E11: 46265
A12: Irfan PC | B12: UX-React | C12: CSS | D12: last portion

Sheet Nov 10
A1: T1 - 2
A2: Name | B2: Course Name | C2: Current Topic | D2: Progress | E2: Validity
A3: Shiyas Ahmad | B3: PythonDjango-React | C3: django | D3: forms | E3: 46336
A4: Ameera K | B4: PythonDjango-Angular | C4: Python | D4: patterns | E4: 46336
A5: M Nidhal | B5: PythonDjango-Angular | C5: Python | D5: file handling | E5: 46337
A6: Shahid | B6: Python Flutter
A7: Huda Reema | B7: Python Flutter

Sheet Dec 31
A1: T1 - 2
A2: Name | B2: Course Name | C2: Current Topic | D2: Progress | E2: Validity
A3: Aswin KC | B3: MERN | C3: CSS | D3: Clone
A4: Abinav | B4: MERN | C4: CSS | D4: Clone
A5: M Sinan | B5: MERN | C5: HTML | D5: intro
A6: M Nasif | B6: MERN | C6: HTML | D6: intro
A7: Suhail | B7: Python | C7: python | D7: intro
A8: Safwan | B8: Python | C8: python | D8: intro
A9: Rabeehath
A10: Rifana

Sheet presentation
A1: SI No | C1: Name | D1: Course Name | E1: Presentation | F1: Date
A2: 1 | B2: =_xlfn.XLOOKUP(C2,'All '!B:B,'All '!A:A,"Not Found") -> TDAM005 | C2: M. Danish | D2: MERN | E2: Generative AI and Large Language Models | F2: 46247
A3: 3 | B3: =_xlfn.XLOOKUP(C3,'All '!B:B,'All '!A:A,"Not Found") -> TDAM006 | C3: M. Safeer | D3: MERN | E3: AI Agents | F3: 46212 | G3: Done
A4: 4 | B4: =_xlfn.XLOOKUP(C4,'All '!B:B,'All '!A:A,"Not Found") -> Not Found | C4: Hisham | D4: MERN | E4: Prompt Engineering | F4: 46213 | G4: Done
A5: 5 | B5: =_xlfn.XLOOKUP(C5,'All '!B:B,'All '!A:A,"Not Found") -> TDAM004 | C5: Harshal | D5: MERN | E5: AI Hallucinations | F5: 46216 | G5: Done
A6: 6 | B6: =_xlfn.XLOOKUP(C6,'All '!B:B,'All '!A:A,"Not Found") -> Not Found | C6: Aswin | D6: MERN | E6: Digital Twins | F6: 46220 | G6: Done
A7: 7 | B7: =_xlfn.XLOOKUP(C7,'All '!B:B,'All '!A:A,"Not Found") -> TDAM010 | C7: M Sinan | D7: MERN | E7: Multimodal AI | F7: 46220 | G7: Done
A8: 8 | B8: =_xlfn.XLOOKUP(C8,'All '!B:B,'All '!A:A,"Not Found") -> TDAM009 | C8: Abinav | D8: MERN | E8: Explainable AI | F8: 46220 | G8: Done
A9: 9 | B9: =_xlfn.XLOOKUP(C9,'All '!B:B,'All '!A:A,"Not Found") -> Not Found | C9: Nibrasul Haqu | D9: MERN | E9: Retrieval-Augmented Generation (RAG) | F9: 46210 | G9: Done
A10: 10 | B10: =_xlfn.XLOOKUP(C10,'All '!B:B,'All '!A:A,"Not Found") -> TDAP001 | C10: M Nasif | D10: MERN | E10: AI-Powered Coding Assistants | F10: 46219 | G10: Done
A11: 11 | B11: =_xlfn.XLOOKUP(C11,'All '!B:B,'All '!A:A,"Not Found") -> TDAP002 | C11: Suhail | D11: python | E11: Computer Vision
A12: 12 | B12: =_xlfn.XLOOKUP(C12,'All '!B:B,'All '!A:A,"Not Found") -> TDAF001 | C12: Safwan | D12: python | E12: Natural Language Processing | F12: 46245 | G12: Done
A13: 13 | B13: =_xlfn.XLOOKUP(C13,'All '!B:B,'All '!A:A,"Not Found") -> TDAM001 | C13: Ameesha | D13: python flutter | E13: Edge AI
A14: 14 | B14: =_xlfn.XLOOKUP(C14,'All '!B:B,'All '!A:A,"Not Found") -> Not Found | C14: Hudha Reem | D14: python flutter | E14: Synthetic Data and AI | F14: 46234 | G14: Done
A15: 15 | B15: =_xlfn.XLOOKUP(C15,'All '!B:B,'All '!A:A,"Not Found") -> TDAF002 | C15: Muhammed Shahid | D15: python flutter | E15: AI in Software Testing | F15: 46234 | G15: Done
A16: 16 | B16: =_xlfn.XLOOKUP(C16,'All '!B:B,'All '!A:A,"Not Found") -> TDAF005 | C16: M.Shebil | D16: python flutter | E16: Human-AI Collaboration
A17: 17 | B17: =_xlfn.XLOOKUP(C17,'All '!B:B,'All '!A:A,"Not Found") -> TDAN001 | C17: M. Shabeeb | D17: Python Next js | E17: Federated Learning | F17: 46211 | G17: Done
A18: 17 | B18: =_xlfn.XLOOKUP(C18,'All '!B:B,'All '!A:A,"Not Found") -> TDAA001 | C18: Ajmal | D18: PythonDjango-Angular | E18: Reinforcement Learning | F18: 46237 | G18: Done
A19: 18 | B19: =_xlfn.XLOOKUP(C19,'All '!B:B,'All '!A:A,"Not Found") -> TDAA002 | C19: Ameera K | D19: PythonDjango-Angular | E19: AI Model Bias and Fairness
A20: 19 | B20: =_xlfn.XLOOKUP(C20,'All '!B:B,'All '!A:A,"Not Found") -> Not Found | C20: M Nidhal | D20: PythonDjango-Angular | E20: Small Language Models | F20: 46211 | G20: Done
A21: 20 | B21: =_xlfn.XLOOKUP(C21,'All '!B:B,'All '!A:A,"Not Found") -> TDAR005 | C21: M. Ajmal CP | D21: PythonDjango-React | E21: AI Model Training and Fine-Tuning | G21: Done
A22: 21 | B22: =_xlfn.XLOOKUP(C22,'All '!B:B,'All '!A:A,"Not Found") -> TDAR006 | C22: M. Rameesh KP | D22: PythonDjango-React | E22: Microservices Architecture | F22: 46239 | G22: Done
A23: 22 | B23: =_xlfn.XLOOKUP(C23,'All '!B:B,'All '!A:A,"Not Found") -> TDAR007 | C23: M. Irfan H | D23: PythonDjango-React | E23: Micro Frontends | F23: 46239 | G23: Done
A24: 23 | B24: =_xlfn.XLOOKUP(C24,'All '!B:B,'All '!A:A,"Not Found") -> TDAR012 | C24: M. Jamshid | D24: PythonDjango-React | E24: Serverless Computing | F24: 46222 | G24: Done
A25: 24 | B25: =_xlfn.XLOOKUP(C25,'All '!B:B,'All '!A:A,"Not Found") -> TDAR013 | C25: M. Irfan K | D25: PythonDjango-React | E25: GraphQL vs REST API | G25: Done
A26: 25 | B26: =_xlfn.XLOOKUP(C26,'All '!B:B,'All '!A:A,"Not Found") -> TDAR014 | C26: Nihal Roshan | D26: PythonDjango-React | E26: WebAssembly
A27: 27 | B27: =_xlfn.XLOOKUP(C27,'All '!B:B,'All '!A:A,"Not Found") -> TDAR016 | C27: Abdul Sabith SB | D27: PythonDjango-React | E27: DevOps and CI/CD | F27: 46220 | G27: Done
A28: 28 | B28: =_xlfn.XLOOKUP(C28,'All '!B:B,'All '!A:A,"Not Found") -> TDAR017 | C28: Abu Hashim | D28: PythonDjango-React | E28: Event-Driven Architecture
A29: 29 | B29: =_xlfn.XLOOKUP(C29,'All '!B:B,'All '!A:A,"Not Found") -> Not Found | C29: Nabla | D29: PythonDjango-React | E29: Domain-Driven Design
A30: 31 | B30: =_xlfn.XLOOKUP(C30,'All '!B:B,'All '!A:A,"Not Found") -> TDAR002 | C30: M. Shamil TK | D30: PythonDjango-React | E30: Software Architecture Patterns | F30: 46245 | G30: Done
A31: 32 | B31: =_xlfn.XLOOKUP(C31,'All '!B:B,'All '!A:A,"Not Found") -> TDAR003 | C31: M. Muaad | D31: PythonDjango-React | E31: Progressive Web Apps (PWA) | F31: 46216 | G31: Done
A32: 38 | B32: =_xlfn.XLOOKUP(C32,'All '!B:B,'All '!A:A,"Not Found") -> TDAR021 | C32: Shiyas Ahmad | D32: PythonDjango-React | E32: WebSockets and Real-Time Applications | F32: 46237 | G32: Done
A33: 39 | B33: =_xlfn.XLOOKUP(C33,'All '!B:B,'All '!A:A,"Not Found") -> TDAR019 | C33: Fidha Jebin | D33: PythonDjango-React | E33: API Gateway Architecture | F33: 46237 | G33: Done
A34: 40 | B34: =_xlfn.XLOOKUP(C34,'All '!B:B,'All '!A:A,"Not Found") -> TDAR020 | C34: Jabir Ali | D34: PythonDjango-React | E34: Containerization with Docker
A35: 41 | B35: =_xlfn.XLOOKUP(C35,'All '!B:B,'All '!A:A,"Not Found") -> TDAR008 | C35: Sajeer Fasil | D35: PythonDjango-React | E35: Kubernetes and Container Orchestration
A36: 42 | B36: =_xlfn.XLOOKUP(C36,'All '!B:B,'All '!A:A,"Not Found") -> TDAR009 | C36: Raneed | D36: PythonDjango-React | E36: GitOps and Modern Software Delivery
A37: 43 | B37: =_xlfn.XLOOKUP(C37,'All '!B:B,'All '!A:A,"Not Found") -> TDAR010 | C37: Ashil | D37: PythonDjango-React | E37: Low-Code and No-Code Development | F37: 46213 | G37: Done
A38: 44 | B38: =_xlfn.XLOOKUP(C38,'All '!B:B,'All '!A:A,"Not Found") -> Not Found | C38: M Dilshad | D38: PythonDjango-React | E38: Headless CMS Architecture
A39: 46 | B39: =_xlfn.XLOOKUP(C39,'All '!B:B,'All '!A:A,"Not Found") -> TDAU001 | C39: Fathima Rafa | D39: UX-React | E39: Jamstack Architecture
A40: 47 | B40: =_xlfn.XLOOKUP(C40,'All '!B:B,'All '!A:A,"Not Found") -> Not Found | C40: F. Safna | D40: UX-React | E40: Server-Side Rendering vs Client-Side Rendering
A41: 49 | B41: =_xlfn.XLOOKUP(C41,'All '!B:B,'All '!A:A,"Not Found") -> TDAU004 | C41: Faheem | D41: UX-React | E41: Feature Flags in Software Development
A42: 50 | B42: =_xlfn.XLOOKUP(C42,'All '!B:B,'All '!A:A,"Not Found") -> TDAU005 | C42: Sinan | D42: UX-React | E42: Ransomware
A43: 51 | B43: =_xlfn.XLOOKUP(C43,'All '!B:B,'All '!A:A,"Not Found") -> TDAU006 | C43: Irfan PC | D43: UX-React | E43: Digital Forensics
C44: Rifana | D44: Python Next js | E44: Identity and Access Management | F44: 46247 | G44: Done
C45: Rabeehath | D45: PythonDjango-React | E45: API Security | G45: Done
C46: Akshan | D46: Data Analytics | E46: Social Engineering Attacks | G46: Done
C47: Jinsila | D47: Python Next js | E47: Zero-Day Vulnerabilities | G47: Done
C48: M. Sinan M | D48: Python Next js | E48: Security Operations Centers (SOC) | G48: Done
C49: M Nabhan | D49: PythonDjango-React | E49: Public Key Infrastructure (PKI) | G49: Done
C50: Fathima Lena | D50: Data Analytics | E50: Secure Software Development | G50: Done
C51: M. Azad | D51: MERN | E51: Passwordless Authentication | G51: Done
C52: M. Shameem | D52: MERN | E52: Data Lakehouse | G52: Done
C53: Afeef Ahmed | D53: Python Next js | E53: Apache Kafka and Real-Time Data | G53: Done
C54: M Nihal CP | D54: Python Next js | E54: 5G vs 6G | G54: Done
C55: Jumana Sherin | D55: MERN | E55: Brain-Computer Interfaces
C56: Di | E56: Humanoid Robots
E57: Autonomous Vehicles
E58: Satellite Internet
E59: Spatial Computing
E60: Quantum Machine Learning
E61: Li-Fi Technology
